time/fps,time/iterations,time/time_elapsed,time/total_timesteps,train/clip_fraction,train/explained_variance,train/learning_rate,train/approx_kl,rollout/ep_len_mean,train/n_updates,train/value_loss,train/entropy_loss,train/clip_range,train/loss,train/policy_gradient_loss,train/std,rollout/ep_rew_mean,eval/mean_ep_length,eval/mean_reward,curriculum/shake_force
525,1,3,2048,,,,,,,,,,,,,,,,
522,2,7,4096,0.033203125,0.12286704778671265,9.97952e-05,0.00082325743,1000.0,10,0.0033709819879732096,-1.1560343950986862,0.0997952,-0.0026609660126268864,-0.0025046284252312036,0.7663861513137817,996.2589879999999,,,
506,3,12,6144,0.0265625,0.5544425249099731,9.95904e-05,0.0007754483,1000.0,20,0.0034848537005018445,-1.1487796545028686,0.09959040000000001,0.003274395363405347,-0.002189322165213525,0.7601771354675293,996.2589879999999,,,
473,4,17,8192,0.0564453125,-0.554153323173523,9.93856e-05,0.0012097987,1000.0,30,0.002526716837019194,-1.1409530162811279,0.0993856,0.001384251518175006,-0.0034151336280046963,0.7543895840644836,996.930071125,,,
482,5,21,10240,0.040966796875,0.2157893180847168,9.918080000000001e-05,0.0010241974,1000.0,40,0.0028023107617627828,-1.1341958075761795,0.09918080000000001,-0.0017192072700709105,-0.0026405049342429266,0.7503913044929504,996.930071125,,,
489,6,25,12288,0.02412109375,0.487109899520874,9.8976e-05,0.0008588537,1000.0,50,0.0021550731675233693,-1.1291356548666953,0.09897600000000001,0.002409264910966158,-0.0019175741137587466,0.7465540170669556,996.3758157500001,,,
488,7,29,14336,0.030859375,0.6261113286018372,9.877120000000001e-05,0.0009492717,1000.0,60,0.00277747713989811,-1.125462357699871,0.0987712,-0.0009863256709650159,-0.0022741239896276965,0.744739294052124,996.3758157500001,,,
490,8,33,16384,0.028125,0.5050562620162964,9.85664e-05,0.0008594288,1000.0,70,0.0018022225427557713,-1.1225084394216538,0.0985664,-0.00023974216310307384,-0.0016590826155152172,0.7420737743377686,996.4449275625,,,
493,9,37,18432,0.02216796875,0.6680071353912354,9.83616e-05,0.00080286484,1000.0,80,0.0017261249871808105,-1.116836716234684,0.09836160000000001,-0.0028625763952732086,-0.0025179302087053657,0.736173689365387,996.4449275625,,,
,,,20000,0.037353515625,-2.280221939086914,9.81568e-05,0.0011100443,,90,0.0011117082678538282,-1.1100331380963326,0.0981568,-0.0015175389125943184,-0.0031059474611538464,0.7321739792823792,,1000.0,997.4659440000001,
250,10,81,20480,,,,,1000.0,,,,,,,,996.67093535,,,0.05
262,11,85,22528,0.036328125,-2.630561113357544,9.7952e-05,0.0008832139,1000.0,100,0.0014751718226762023,-1.1056219458580017,0.097952,-0.004001670982688665,-0.0018128568190149963,0.7298805713653564,996.67093535,,,
273,12,89,24576,0.025732421875,0.21188700199127197,9.774720000000001e-05,0.00079932075,1000.0,110,0.0012223293728311547,-1.1018047794699668,0.0977472,-0.0066158827394247055,-0.0017658907134318724,0.7265893816947937,996.7410327916667,,,
283,13,93,26624,0.014892578125,-0.10228574275970459,9.75424e-05,0.0004580408,1000.0,120,0.002333978918613866,-1.0971500650048256,0.0975424,0.0012195863528177142,-0.0010144416170078329,0.7230696082115173,996.7410327916667,,,
292,14,97,28672,0.06484375,-1.9127426147460938,9.733760000000001e-05,0.001564197,1000.0,130,0.0010550912251346745,-1.094654481112957,0.09733760000000001,-0.004447122570127249,-0.002711554989218712,0.7235906720161438,996.9117058214287,,,
301,15,102,30720,0.03330078125,-1.3820383548736572,9.71328e-05,0.00090125325,1000.0,140,0.0018581019234261476,-1.0940102353692054,0.0971328,-0.0022805503103882074,-0.002002520894166082,0.7210872769355774,996.9117058214287,,,
308,16,106,32768,0.055029296875,-0.7228089570999146,9.6928e-05,0.001164336,1000.0,150,0.0008824789030768443,-1.0903577163815499,0.09692800000000001,-0.004715509247034788,-0.0024696926731849088,0.719176709651947,997.0272126875,,,
315,17,110,34816,0.009521484375,-0.7206125259399414,9.67232e-05,0.0005606187,1000.0,160,0.0011914250149857252,-1.0871947720646857,0.09672320000000001,-0.0016495059244334698,-0.0008132381262839772,0.7160173654556274,997.0272126875,,,
322,18,114,36864,0.02607421875,0.39104461669921875,9.651840000000001e-05,0.0010525242,1000.0,170,0.0016948772623436525,-1.0823639929294586,0.0965184,-0.0001399811590090394,-0.00137668426905293,0.7123653292655945,997.1014955277777,,,
328,19,118,38912,0.047216796875,0.1754266619682312,9.63136e-05,0.0010958171,1000.0,180,0.0012381855100102256,-1.0772449612617492,0.0963136,-0.0012112259864807129,-0.002774675904947799,0.708888828754425,997.1014955277777,,,
,,,40000,0.028125,-1.4315202236175537,9.61088e-05,0.0008593539,,190,0.0008630619144241791,-1.0715649798512459,0.0961088,-0.0025936979800462723,-0.00170078364899382,0.7041022181510925,,1000.0,998.2942457000001,
252,20,162,40960,,,,,1000.0,,,,,,,,997.2034053,,,0.0625
257,21,166,43008,0.02685546875,-2.4754648208618164,9.590400000000001e-05,0.00066629145,1000.0,200,0.0009599770739441738,-1.0646155789494514,0.095904,-0.0015224770177155733,-0.0012489830172853545,0.6991920471191406,997.2034053,,,
263,22,170,45056,0.021826171875,-0.543415904045105,9.56992e-05,0.00040683075,1000.0,210,0.002538495980843436,-1.0587133049964905,0.0956992,-0.002638034988194704,-0.0021605250716675074,0.6958960294723511,997.2957084090908,,,
269,23,174,47104,0.0224609375,0.17809003591537476,9.54944e-05,0.00068770093,1000.0,220,0.003489104415348265,-1.0552594095468522,0.09549440000000001,0.002874296624213457,-0.0013637251380714589,0.6944044828414917,997.2957084090908,,,
275,24,178,49152,0.034814453125,-0.4398829936981201,9.52896e-05,0.0008245366,997.8541666666666,230,0.0028357112663798035,-1.0521444514393807,0.0952896,-0.0019404608756303787,-0.0017341798578854651,0.6914138793945312,995.1981851249999,,,
280,25,182,51200,0.002001953125,0.6763591766357422,9.50848e-05,0.00029275496,997.8541666666666,240,0.018118354315811304,-1.0497339427471162,0.09508480000000001,0.008290844969451427,-0.0008901263005100191,0.6914400458335876,995.1981851249999,,,
285,26,186,53248,0.028466796875,0.1351659893989563,9.488e-05,0.0007593804,998.0192307692307,250,0.001655326064064866,-1.0489934444427491,0.09488,0.0026346109807491302,-0.0012455963587854058,0.6903069615364075,995.4040182884613,,,
289,27,190,55296,0.026611328125,-0.18063557147979736,9.467520000000001e-05,0.0005289739,998.0192307692307,260,0.0016062152339145542,-1.0480345726013183,0.09467520000000001,-0.006834924221038818,-0.0011057715688366442,0.6897433400154114,995.4040182884613,,,
294,28,194,57344,0.016259765625,-1.2377173900604248,9.447040000000001e-05,0.00046569837,998.1607142857143,270,0.001575122868962353,-1.0455165013670922,0.09447040000000001,0.0008534914231859148,-0.00048145842665689995,0.6868435144424438,995.6221257678571,,,
299,29,198,59392,0.020947265625,-0.9992392063140869,9.426560000000001e-05,0.0006343562,998.1607142857143,280,0.0016526156730833463,-1.0406410440802574,0.0942656,-0.004757994320243597,-0.001960134963155724,0.682895839214325,995.6221257678571,,,
,,,60000,0.02255859375,-1.0600097179412842,9.40608e-05,0.00045392098,,290,0.0014614085615903606,-1.035153552889824,0.0940608,-0.0009812082862481475,-0.0020600788644514977,0.6797389388084412,,1000.0,998.1008919000002,
254,30,241,61440,,,,,998.2833333333333,,,,,,,,995.7837684666666,,,0.078125
258,31,245,63488,0.035302734375,-1.5499544143676758,9.3856e-05,0.0008255737,998.2833333333333,300,0.0010143783132662066,-1.0314173623919487,0.093856,-0.0005996389081701636,-0.0016309304235619492,0.6777755618095398,995.7837684666666,,,
262,32,249,65536,0.023486328125,-0.10622739791870117,9.36512e-05,0.0007681523,986.3230769230769,310,0.005459870173945091,-1.0284340545535087,0.0936512,-0.005226229317486286,-0.002249510432011448,0.6756383180618286,983.8836123846155,,,
266,33,253,67584,0.03837890625,0.746780276298523,9.34464e-05,0.001193023,986.3230769230769,320,0.017327061272226274,-1.02585461884737,0.0934464,-0.004157651215791702,-0.0015788769291248173,0.6744791269302368,983.8836123846155,,,
269,34,258,69632,0.0318359375,-0.28804850578308105,9.324160000000001e-05,0.0007407815,987.1159420289855,330,0.0008551946593797766,-1.0237638130784035,0.09324160000000001,-0.003369751153513789,-0.0014840594521956518,0.672593355178833,984.7178929710146,,,
273,35,262,71680,0.02109375,-0.9764840602874756,9.30368e-05,0.0005007241,987.3,340,0.0018430545504088513,-1.0190689027309419,0.0930368,0.000832343241199851,-0.0010199402619036845,0.6681878566741943,984.9150970571432,,,
276,36,266,73728,0.0298828125,-0.42557573318481445,9.283200000000001e-05,0.0007315768,987.8219178082192,350,0.00123624220941565,-1.0146184340119362,0.09283200000000001,-0.002790838247165084,-0.0015343064384069293,0.6667826771736145,985.4773059178083,,,
280,37,270,75776,0.029296875,0.4008059501647949,9.26272e-05,0.00067694345,987.9864864864865,360,0.0018335924956772941,-1.012075087428093,0.0926272,-0.0034357011318206787,-0.001988537699799053,0.6643683910369873,985.6518990270272,,,
283,38,274,77824,0.04326171875,0.03217357397079468,9.24224e-05,0.0010704305,988.4545454545455,370,0.0022930228209588678,-1.009049452841282,0.09242240000000002,-0.0008895507780835032,-0.0012211637091240845,0.6634118556976318,986.1382030649353,,,
287,39,277,79872,0.047021484375,-0.5009150505065918,9.22176e-05,0.00103367,988.6025641025641,380,0.004326016517006792,-1.0073365151882172,0.09221760000000001,-0.001881530275568366,-0.0016666774317855015,0.6616117358207703,986.3004166025643,,,
,,,80000,0.041650390625,0.7237736582756042,9.201280000000001e-05,0.0009663859,,390,0.0012851899256929756,-1.004795777797699,0.0920128,-0.0018441781867295504,-0.0018819930584868417,0.6601510643959045,,1000.0,998.117336,
254,40,322,81920,,,,,989.0246913580247,,,,,,,,986.735215271605,,,0.09765625
257,41,326,83968,0.040185546875,-0.11144649982452393,9.1808e-05,0.0009212219,989.1585365853658,400,0.0009001230399007909,-1.000897227227688,0.091808,-0.005154720973223448,-0.002669981669168919,0.6564800143241882,986.8732421341464,,,
260,42,330,86016,0.020703125,-0.6340045928955078,9.16032e-05,0.0006570091,989.5411764705882,410,0.0010548069018113892,-0.9948521822690963,0.0916032,-0.0019136079354211688,-0.001986567652784288,0.6520340442657471,987.2909424235296,,,
263,43,334,88064,0.025732421875,-1.0805864334106445,9.139840000000001e-05,0.0008766425,984.8181818181819,420,0.0011942281962546986,-0.9880285315215588,0.0913984,-0.0019033843418583274,-0.0020425673021236433,0.6476724147796631,982.5733607954545,,,
266,44,338,90112,0.063720703125,0.7038323879241943,9.119360000000001e-05,0.0016705247,984.9887640449438,430,0.0392432319233194,-0.9846517577767372,0.0911936,0.0074289701879024506,-0.0022175482095917686,0.6479960083961487,982.7439500898876,,,
269,45,342,92160,0.04462890625,0.4843071699142456,9.09888e-05,0.0007515467,985.4782608695652,440,0.0042382962856208906,-0.9846739865839481,0.09098880000000001,-0.002929101698100567,-0.00138436691777315,0.6472274661064148,983.2341082065217,,,
271,46,346,94208,0.024755859375,0.6962053775787354,9.0784e-05,0.0005367769,985.6344086021505,450,0.0009504509493126534,-0.9811711750924588,0.090784,0.00025158972130157053,-0.001459516296745278,0.6434581279754639,983.4026375376344,,,
274,47,350,96256,0.021533203125,-2.6600964069366455,9.057920000000002e-05,0.00070969295,986.0833333333334,460,0.0005247725450317376,-0.9764735653996468,0.09057920000000001,-0.004481367766857147,-0.0013522471446776763,0.6414105892181396,983.8658976145834,,,
277,48,354,98304,0.039111328125,-0.1640770435333252,9.03744e-05,0.0006282328,978.9387755102041,470,0.0064602219732478264,-0.972361759096384,0.09037440000000001,-0.0033136093989014626,-0.0027147692133439707,0.6380083560943604,976.7372578367349,,,
,,,100000,0.076025390625,0.7086107730865479,9.016960000000001e-05,0.0010570572,,480,0.02467523193336092,-0.9686610490083695,0.09016960000000002,0.0001446218229830265,-0.002576259829220362,0.6370625495910645,,881.3,879.5040163,
255,49,392,100352,,,,,979.36,,,,,,,,977.1339651600002,,,0.1220703125
258,50,396,102400,0.024609375,0.19896245002746582,8.996480000000001e-05,0.00068329886,979.36,490,0.008845036863931455,-0.9671366028487682,0.08996480000000001,0.0010689729824662209,-0.0015997996248188428,0.6358757615089417,977.1897433900001,,,
261,51,400,104448,0.01669921875,-0.6033883094787598,8.976e-05,0.0004937156,979.36,500,0.004010438668774441,-0.9653576426208019,0.08976,0.0009012023219838738,-0.0012858444039011373,0.6348338723182678,977.1892164700001,,,
263,52,403,106496,0.015234375,-0.47435450553894043,8.95552e-05,0.00047278145,978.31,510,0.005637314374325797,-0.9623342335224152,0.0895552,2.9047951102256775e-05,-0.0023091185954399406,0.6318110227584839,976.1377501499998,,,
266,53,408,108544,0.04169921875,0.6443305015563965,8.93504e-05,0.0007330002,978.31,520,0.019281408953247592,-0.9598231814801693,0.0893504,0.008014448918402195,-0.0013013325224164873,0.6320375204086304,976.15285043,,,
268,54,412,110592,0.030810546875,-0.9394605159759521,8.91456e-05,0.0008696909,978.31,530,0.0014617016888223589,-0.9587227568030358,0.0891456,0.002705669729039073,-0.002059512014966458,0.6298717856407166,976.28524005,,,
270,55,416,112640,0.013134765625,-1.4123637676239014,8.89408e-05,0.00035675825,978.31,540,0.003954462516412604,-0.9561192043125629,0.0889408,0.0025538045447319746,-0.0008897562074707821,0.6291870474815369,976.2994252599998,,,
272,56,420,114688,0.024853515625,0.19478225708007812,8.873600000000001e-05,0.00071958447,978.31,550,0.0012582990639202762,-0.9541267171502114,0.08873600000000001,0.0012781362747773528,-0.0009902493489789776,0.627083420753479,976.36769352,,,
275,57,424,116736,0.0625,0.7018429636955261,8.85312e-05,0.0010515058,978.31,560,0.001120495928626042,-0.9512747474014759,0.0885312,-0.004384833388030529,-0.002115372348634992,0.6259661912918091,976.3497698399999,,,
277,58,428,118784,0.031005859375,0.5993461608886719,8.832640000000001e-05,0.00060352735,971.15,570,0.0013366925362788607,-0.9489211514592171,0.08832640000000001,0.001611324492841959,-0.001554084476083517,0.6240378618240356,969.20853722,,,
,,,120000,0.033056640625,0.7196470499038696,8.812160000000001e-05,0.0008280895,,580,0.020846026646904648,-0.9473937660455704,0.08812160000000001,0.01989673264324665,-0.001270391141588334,0.6243401765823364,,919.3,917.7685445,
258,59,468,120832,,,,,968.23,,,,,,,,966.3204436400001,,,0.1220703125
260,60,472,122880,0.051025390625,0.47163838148117065,8.79168e-05,0.0008270427,965.74,590,0.03364913249388337,-0.9486296623945236,0.0879168,-0.0009322997648268938,-0.001328810176346451,0.6253082156181335,963.8055448199999,,,
262,61,476,124928,0.040283203125,0.5855171084403992,8.7712e-05,0.0010019769,965.74,600,0.024009746947558596,-0.950473340600729,0.08771200000000001,0.007083130534738302,-0.001156142752734013,0.6266006827354431,963.7870773000001,,,
264,62,480,126976,0.04794921875,0.6217149496078491,8.75072e-05,0.0010106167,965.74,610,0.0014699890518386383,-0.9506700947880745,0.08750720000000001,-0.005063311196863651,-0.0024396443579462355,0.6250869631767273,963.79111875,,,
266,63,484,129024,0.021630859375,-0.24681687355041504,8.730240000000001e-05,0.000719219,965.74,620,0.0005434186758066061,-0.9482096441090107,0.0873024,0.0006223618984222412,-0.0010450982401380316,0.6242231130599976,963.80266223,,,
268,64,488,131072,0.02080078125,-0.3031771183013916,8.70976e-05,0.0004984508,965.74,630,0.008915979295852593,-0.9468945316970349,0.0870976,0.000337961595505476,-0.0015491972211748362,0.6229495406150818,963.81241666,,,
270,65,491,133120,0.01171875,0.4588373899459839,8.689280000000001e-05,0.0005315109,965.45,640,0.005397481026011519,-0.9446124322712421,0.0868928,0.0025340206921100616,-0.0009467444324400276,0.6217074394226074,963.4994688900001,,,
272,66,496,135168,0.021484375,0.6162818074226379,8.668800000000001e-05,0.0006489054,965.45,650,0.01901778733008541,-0.9445720501244068,0.086688,0.006399378180503845,-0.0016385865135816857,0.6231048107147217,963.4994688900001,,,
274,67,499,137216,0.029443359375,0.32741594314575195,8.64832e-05,0.00059841597,965.45,660,0.0015162175288423896,-0.9464861892163754,0.08648320000000001,-0.0033594705164432526,-0.0017489541933173314,0.6236645579338074,963.5090336999998,,,
276,68,503,139264,0.046875,0.15698009729385376,8.62784e-05,0.0007336455,965.45,670,0.001672141149174422,-0.944484630227089,0.0862784,-0.002224795753136277,-0.0018062394316075369,0.6204792857170105,963.5090336999998,,,
,,,140000,0.034765625,0.49843132495880127,8.60736e-05,0.0006763112,,680,0.001496884562948253,-0.941796287149191,0.0860736,-0.003927127458155155,-0.001203314344456885,0.6212447285652161,,966.1,964.0220228000001,
259,69,545,141312,,,,,965.45,,,,,,,,963.5291148999999,,,0.1220703125
260,70,549,143360,0.025830078125,0.5845553278923035,8.58688e-05,0.0006979692,955.92,690,0.004580303534748964,-0.9419411785900593,0.08586880000000001,-0.004401306621730328,-0.001782424419070594,0.619685173034668,953.9672157500002,,,
262,71,553,145408,0.02509765625,0.593354344367981,8.566400000000001e-05,0.00059007935,949.87,700,0.03896103829611093,-0.9403629958629608,0.08566400000000002,0.011997103691101074,-0.0009023392194649205,0.6198518872261047,947.94535608,,,
264,72,557,147456,0.055810546875,0.4690210819244385,8.545920000000001e-05,0.0008238912,942.6,710,0.034786498628091064,-0.9423037946224213,0.08545920000000001,0.023473238572478294,-0.0015432097046868876,0.622109591960907,940.6991897300002,,,
266,73,561,149504,0.032763671875,0.7044158577919006,8.52544e-05,0.00043577678,942.6,720,0.024750304652843624,-0.9447762571275234,0.08525440000000001,0.010083174332976341,-0.0018276577902724966,0.6224893927574158,940.69433201,,,
267,74,565,151552,0.049658203125,0.4555125832557678,8.50496e-05,0.000623244,942.6,730,0.001254508029524004,-0.9442342571914196,0.0850496,-0.0005843888502568007,-0.0022818353230832145,0.6214138269424438,940.6942064000001,,,
269,75,569,153600,0.014697265625,0.05424821376800537,8.48448e-05,0.00036464483,937.65,740,0.004434987620334141,-0.9426105245947838,0.0848448,-0.0004119938239455223,-0.0014401068823644892,0.6207628846168518,935.7416526800001,,,
271,76,573,155648,0.06787109375,0.5814205408096313,8.464e-05,0.00092722214,932.91,750,0.02331152965198271,-0.9425423011183739,0.08464,0.012259179726243019,-0.0026457678875885906,0.6214873790740967,930.99227258,,,
273,77,577,157696,0.02939453125,0.7475588321685791,8.44352e-05,0.00042199247,932.91,760,0.02181987997610122,-0.9459415048360824,0.0844352,0.004809223115444183,-0.0010313329068594613,0.624897301197052,930.9875192100001,,,
274,78,581,159744,0.05869140625,0.7423584461212158,8.42304e-05,0.0010055965,932.91,770,0.003006311624631053,-0.9490747593343258,0.0842304,-0.0046044159680604935,-0.0020885538164293394,0.6250078678131104,930.99489739,,,
,,,160000,0.047412109375,0.6832046508789062,8.402560000000001e-05,0.0009006705,,780,0.002619934927497525,-0.9479406550526619,0.0840256,0.0007380559109151363,-0.0023991219291929155,0.623519241809845,,947.1,945.1690358999998,
259,79,623,161792,,,,,940.77,,,,,,,,938.83048485,,,0.152587890625
261,80,626,163840,0.037548828125,0.7119138240814209,8.382080000000001e-05,0.00071838376,937.67,790,0.0019406022445764392,-0.9445595227181911,0.08382080000000001,-0.005023977719247341,-0.0027613380167167633,0.6207140684127808,935.71558437,,,
262,81,630,165888,0.024560546875,0.5334060788154602,8.361600000000001e-05,0.00050356257,926.89,800,0.08404535460285842,-0.942223922163248,0.08361600000000001,0.04672311618924141,-0.0013681168318726122,0.6213199496269226,924.9182969600001,,,
264,82,634,167936,0.01513671875,0.6482011079788208,8.34112e-05,0.00033795543,922.49,810,0.02636346482322551,-0.9436741009354591,0.0834112,0.011218161322176456,-0.0014202307065716013,0.622107207775116,920.5088015800002,,,
266,83,638,169984,0.080908203125,0.3639986515045166,8.32064e-05,0.0008832148,922.49,820,0.03952087697107345,-0.944745758920908,0.08320640000000001,0.009323117323219776,-0.0022074376567616126,0.6227015256881714,920.5289258200002,,,
267,84,642,172032,0.012841796875,0.4204370975494385,8.30016e-05,0.0003705512,911.25,830,0.0018095710802299436,-0.9451141007244587,0.08300160000000001,0.002110715489834547,-0.0008082459171419032,0.6221442222595215,909.2999015400002,,,
269,85,646,174080,0.01064453125,0.4103884696960449,8.27968e-05,0.00025137188,911.25,840,0.06568867014721036,-0.9437897503376007,0.0827968,0.048330217599868774,-0.0006091519549954683,0.6215165853500366,909.29936424,,,
270,86,650,176128,0.082666015625,0.1709638237953186,8.2592e-05,0.0012826321,911.25,850,0.0011207867581106256,-0.9425212636590004,0.082592,-0.002010648837313056,-0.0033504282153444366,0.6202874183654785,909.31251543,,,
272,87,654,178176,0.023876953125,0.1368657350540161,8.23872e-05,0.0004389929,915.1,860,0.004620323413109873,-0.940347857773304,0.0823872,-0.00020277989096939564,-0.0012858897898695432,0.6188329458236694,913.1429065200001,,,
,,,180000,0.018603515625,0.6466506719589233,8.218240000000001e-05,0.00042672042,,870,0.0031316058346419597,-0.939230778068304,0.0821824,0.0007500189822167158,-0.0009647261060308665,0.6192185878753662,,922.1,920.1939245,
259,88,694,180224,,,,,908.89,,,,,,,,906.92887543,,,0.19073486328125
260,89,698,182272,0.0203125,0.44345682859420776,8.19776e-05,0.00043754838,888.0,880,0.034114600534667264,-0.9384343914687634,0.08197760000000001,0.002512563019990921,-0.0015097079769475386,0.6175062656402588,886.0613173499999,,,
262,90,703,184320,0.018017578125,0.6672887802124023,8.17728e-05,0.00031027076,888.0,890,0.07671094232937321,-0.9367345035076141,0.0817728,0.02940291166305542,-0.001319104132562643,0.6177597045898438,886.06978408,,,
263,91,707,186368,0.02880859375,0.6344859600067139,8.1568e-05,0.00067337055,879.9,900,0.0011293218842183706,-0.9389346942305565,0.081568,-0.00027387001318857074,-0.0015127301070606337,0.6195722818374634,877.97769625,,,
264,92,711,188416,0.040869140625,0.6076327562332153,8.13632e-05,0.0008982546,879.9,910,0.09123943527229131,-0.9404819212853909,0.08136320000000001,0.07359275221824646,-0.0006848993856692686,0.6197220087051392,878.0104774100001,,,
266,93,715,190464,0.050830078125,-0.31146669387817383,8.11584e-05,0.0008787395,865.06,920,0.009938990950467996,-0.939813432097435,0.0811584,0.003939492627978325,-0.003094664606032893,0.6189036965370178,863.2251788499999,,,
267,94,719,192512,0.05439453125,0.4234291911125183,8.095360000000001e-05,0.0008848803,861.22,930,0.06631696075201035,-0.9390078194439411,0.08095360000000001,0.013791041448712349,-0.0012992942589335143,0.6188675761222839,859.38418968,,,
269,95,723,194560,0.071826171875,0.5620109438896179,8.074880000000001e-05,0.00086941995,853.85,940,0.02645338171932963,-0.9408675707876683,0.08074880000000001,0.017312107607722282,-0.0021647941030096263,0.6212356090545654,852.0110539699999,,,
270,96,726,196608,0.0390625,0.6573474407196045,8.054399999999999e-05,0.0010637525,852.62,950,0.029766521602869033,-0.9439204871654511,0.080544,0.01644221320748329,-0.0019035761593841015,0.6224151849746704,850.77270919,,,
271,97,730,198656,0.023828125,0.4198608994483948,8.03392e-05,0.00070996594,847.83,960,0.04213680143584497,-0.9459716282784939,0.0803392,0.05037229508161545,-0.0008639359642984345,0.6241136193275452,845.9606207500002,,,
,,,200000,0.029736328125,0.6672598123550415,8.013440000000002e-05,0.0006260057,,970,0.05553436852060258,-0.9483849726617336,0.08013440000000001,0.039495207369327545,-0.0013503166032023729,0.6249414086341858,,940.2,938.0723031000001,
260,98,771,200704,,,,,845.18,,,,,,,,843.3061487900002,,,0.19073486328125
261,99,775,202752,0.02041015625,0.7191885709762573,7.99296e-05,0.00044597615,848.89,980,0.02329198117076885,-0.9484456054866314,0.0799296,0.006156492978334427,-0.0020613673143088816,0.6244235634803772,847.0230169800001,,,
262,100,779,204800,0.049267578125,0.5208061933517456,7.97248e-05,0.00070034957,841.31,990,0.03278556106961332,-0.9483023062348366,0.0797248,0.011006060987710953,-0.0014577159454347566,0.6249314546585083,839.44675452,,,
264,101,782,206848,0.0767578125,0.5722763538360596,7.952e-05,0.0009814235,840.01,1000,0.07173735520336777,-0.9483558066189289,0.07952000000000001,0.01245754025876522,-0.002291676358436234,0.6245467066764832,838.2076759400002,,,
265,102,786,208896,0.061181640625,0.5080423355102539,7.93152e-05,0.0011709859,840.01,1010,0.03561478443734813,-0.9482294708490372,0.0793152,0.010742169804871082,-0.002214619709411636,0.6248469352722168,838.2166311800001,,,
266,103,790,210944,0.064892578125,0.7099690437316895,7.911040000000001e-05,0.0013594266,832.58,1020,0.01276320411125198,-0.949123153090477,0.07911040000000001,0.005862515885382891,-0.0018923959782114253,0.6253619194030762,830.7654782900001,,,
268,104,794,212992,0.012158203125,0.5668094158172607,7.89056e-05,0.00027899467,829.46,1030,0.10493753487244248,-0.9485964022576809,0.0789056,0.062076669186353683,-0.0006980506819672883,0.6241971850395203,827.6461388900002,,,
269,105,798,215040,0.038623046875,0.530748724937439,7.87008e-05,0.0007683984,829.75,1040,0.035152648499934006,-0.9478165954351425,0.07870080000000002,0.013086767867207527,-0.0024608915380667897,0.6245707869529724,827.96467309,,,
270,106,802,217088,0.0498046875,0.5679010152816772,7.8496e-05,0.00043798867,825.46,1050,0.0036053166317287833,-0.947957856208086,0.07849600000000001,0.00034777610562741756,-0.0017373541923006997,0.624043345451355,823.6703630499999,,,
271,107,805,219136,0.073876953125,0.3450850248336792,7.829120000000001e-05,0.0012901485,823.69,1060,0.043582434504060075,-0.9475546911358833,0.0782912,0.008335902355611324,-0.0013571724120993167,0.6244050860404968,821.8874725100001,,,
,,,220000,0.046240234375,0.5072360038757324,7.80864e-05,0.00095737743,,1070,0.04336800897726789,-0.9459098748862743,0.0780864,0.01583191379904747,-0.0011843491782201454,0.6216033101081848,,825.2,823.4612649999999,
262,108,842,221184,,,,,812.85,,,,,,,,811.0097426100001,,,0.2384185791015625
263,109,846,223232,0.063623046875,0.6707892417907715,7.78816e-05,0.0004912367,808.24,1080,0.06060400682035834,-0.9422893136739731,0.0778816,0.03056100569665432,-0.001971109429723583,0.6204107999801636,806.4020555500001,,,
264,110,850,225280,0.112841796875,0.4008660912513733,7.767680000000001e-05,0.0010804241,819.25,1090,0.043124259245814756,-0.9430326387286186,0.0776768,0.017403263598680496,-0.0015609298628987745,0.6225827932357788,817.4132543599999,,,
266,111,854,227328,0.051904296875,0.5892277956008911,7.7472e-05,0.0007236364,793.63,1100,0.09426376910414547,-0.9464820578694344,0.077472,0.041207797825336456,-0.0024935277295298876,0.6242013573646545,791.7780711100002,,,
267,112,858,229376,0.037255859375,0.5683421492576599,7.72672e-05,0.00078203564,788.93,1110,0.1556972023099661,-0.9468103803694248,0.07726720000000001,0.07107677310705185,-0.0013049881556071341,0.6231425404548645,787.0281738200002,,,
268,113,862,231424,0.037255859375,0.6113380193710327,7.70624e-05,0.00057632924,789.24,1120,0.06452559255994857,-0.946510273218155,0.0770624,0.03537250682711601,-0.0012467686727177351,0.6241095066070557,787.33456744,,,
269,114,866,233472,0.01455078125,0.6357186436653137,7.685760000000001e-05,0.00049730774,791.1,1130,0.024665334488963707,-0.9466876335442066,0.07685760000000001,0.005439505912363529,-9.180616470985114e-05,0.6227644085884094,789.2245477800002,,,
270,115,870,235520,0.035595703125,0.44283103942871094,7.66528e-05,0.0005695373,783.56,1140,0.03523220274364576,-0.9447276771068573,0.07665280000000001,0.010537538677453995,-0.0022097916313214227,0.6219456791877747,781.6752236399999,,,
271,116,873,237568,0.02734375,0.4921445846557617,7.644800000000001e-05,0.00041901716,783.56,1150,0.05122489792993292,-0.9431310705840588,0.07644800000000002,0.006245406344532967,-0.0013024212297750638,0.6207693219184875,781.6900965299999,,,
273,117,877,239616,0.03291015625,0.2635432481765747,7.62432e-05,0.0005888592,778.5,1160,0.007289668975863606,-0.940083983540535,0.07624320000000001,0.0006148461252450943,-0.001939348629093729,0.6179447770118713,776.6255776499999,,,
,,,240000,0.024365234375,0.8009696006774902,7.60384e-05,0.00040547448,,1170,0.01941880060476251,-0.9370629318058491,0.0760384,0.00789688527584076,-0.0019665931427880422,0.6177191138267517,,650.8,649.117772,
266,118,906,241664,,,,,779.34,,,,,,,,777.46474057,,,0.2384185791015625
267,119,910,243712,0.0951171875,0.4376765489578247,7.58336e-05,0.0013335143,780.11,1180,0.07726197133306414,-0.9383423775434494,0.0758336,0.04702009633183479,-0.0020255232171621173,0.6191492676734924,778.2363594900002,,,
268,120,913,245760,0.03994140625,0.6462514996528625,7.56288e-05,0.00043373974,774.62,1190,0.0690913261147216,-0.9410701915621758,0.0756288,0.05643738806247711,-0.0015915752563159912,0.6211187243461609,772.7422820800001,,,
269,121,918,247808,0.0642578125,0.5757564306259155,7.5424e-05,0.0006147849,778.21,1200,0.0672583483159542,-0.943000290542841,0.075424,0.04157523438334465,-0.001233822178619448,0.6213968992233276,776.3062732499999,,,
270,122,922,249856,0.07763671875,0.36926960945129395,7.52192e-05,0.0008599777,777.99,1210,0.07747841251548379,-0.9435586959123612,0.0752192,0.018879622220993042,-0.001447213877690956,0.6218719482421875,776.0899474500001,,,
272,123,925,251904,0.07041015625,0.7418625354766846,7.501440000000001e-05,0.0008315677,777.99,1220,0.02768473694450222,-0.9451234675943851,0.07501440000000001,0.009306047111749649,-0.001968051464064047,0.6233699321746826,776.0747989800002,,,
273,124,929,253952,0.027197265625,-0.22588372230529785,7.48096e-05,0.0004293545,773.68,1230,0.004515251256816555,-0.9463863663375378,0.0748096,-0.003379581496119499,-0.0020786292312550358,0.6230614185333252,771.7313639800002,,,
274,125,933,256000,0.039697265625,0.4834132790565491,7.460480000000001e-05,0.00074550917,768.85,1240,0.04581559149664827,-0.9451685555279254,0.07460480000000001,0.03278182074427605,-0.0004024549198220484,0.6221848726272583,766.9337958799999,,,
275,126,937,258048,0.02763671875,0.37195199728012085,7.44e-05,0.00042810137,772.71,1250,0.05294093817938119,-0.942862880975008,0.07440000000000001,0.010316701605916023,-0.0011814761644927784,0.6198887825012207,770.7747722999999,,,
,,,260000,0.046533203125,0.7518719434738159,7.41952e-05,0.00092919375,,1260,0.030143134656827896,-0.9402554467320442,0.0741952,0.003638765774667263,-0.0029797321345540694,0.619566798210144,,776.0,774.0314171,
267,127,970,260096,,,,,779.69,,,,,,,,777.7174377100001,,,0.2384185791015625
268,128,974,262144,0.05498046875,0.564997673034668,7.39904e-05,0.00096890645,779.69,1270,0.1140064882580191,-0.9415375851094723,0.07399040000000001,0.04912443459033966,-0.0018673101745662279,0.6215185523033142,777.7174377100001,,,
269,129,978,264192,0.048681640625,-1.32979416847229,7.378560000000001e-05,0.0007148109,784.45,1280,0.010091707488754764,-0.9441458962857723,0.0737856,-0.0001129424199461937,-0.0019415415357798339,0.6224018931388855,782.4518789299999,,,
270,130,982,266240,0.065185546875,0.7136389017105103,7.358080000000001e-05,0.0012042911,765.36,1290,0.07408016831614077,-0.9460441082715988,0.0735808,0.026884213089942932,-0.0021140943164937196,0.6240025162696838,763.3435092699999,,,
271,131,986,268288,0.01376953125,0.6503770351409912,7.3376e-05,0.00036177313,776.79,1300,0.09132979444693774,-0.9483879141509532,0.073376,0.05299145728349686,-0.0013065449660643936,0.625450074672699,774.7688186799999,,,
272,132,990,270336,0.0734375,0.7057621479034424,7.31712e-05,0.0011382578,780.63,1310,0.026541120832553132,-0.9508028410375118,0.07317119999999999,0.004551757127046585,-0.0019831311772577466,0.6268536448478699,778.6199757899999,,,
273,133,994,272384,0.01943359375,-3.5961151123046875,7.296639999999999e-05,0.00039183497,776.15,1320,0.0019183185213478282,-0.951642457395792,0.0729664,-0.002069460693746805,-0.0009680094895884395,0.6263005137443542,774.14523533,,,
274,134,998,274432,0.04033203125,0.5105108022689819,7.27616e-05,0.0005395218,783.22,1330,0.04055322119093034,-0.9515494391322136,0.07276160000000001,0.025618940591812134,-0.0008823285781545565,0.627143144607544,781.2273735299999,,,
275,135,1002,276480,0.059033203125,0.43267810344696045,7.25568e-05,0.00052303285,783.75,1340,0.08883995139040053,-0.950498741865158,0.0725568,0.03254743665456772,-0.0013133249332895503,0.6245458126068115,781.76982897,,,
276,136,1006,278528,0.02978515625,0.23336166143417358,7.2352e-05,0.00042273867,777.18,1350,0.0012113929260522127,-0.9477275088429451,0.072352,0.001451261923648417,-0.000790170519030653,0.6242008209228516,775.2316957700002,,,
,,,280000,0.08388671875,0.5341387391090393,7.21472e-05,0.0011468579,,1360,0.09009121116250754,-0.9484358109533787,0.07214720000000001,0.050268810242414474,-0.001336252808687277,0.6253148913383484,,815.6,813.9246072000001,
268,137,1044,280576,,,,,769.73,,,,,,,,767.7491935200001,,,0.2384185791015625
269,138,1048,282624,0.036572265625,0.42246776819229126,7.194240000000001e-05,0.0005348914,774.22,1370,0.08339506960473955,-0.948715365678072,0.07194240000000002,0.03963091969490051,-0.001459244021680206,0.6242588758468628,772.2458676500002,,,
270,139,1052,284672,0.047412109375,0.48096704483032227,7.173760000000001e-05,0.0004864016,774.26,1380,0.04097490863641724,-0.9473963968455792,0.07173760000000001,0.02280830219388008,-0.0008663746091770008,0.624031126499176,772.2829358,,,
271,140,1056,286720,0.0365234375,0.4545970559120178,7.15328e-05,0.00061628164,765.77,1390,0.042386976897250864,-0.946148508042097,0.07153280000000001,0.03474626690149307,-0.001184851152356714,0.6224932074546814,763.81453746,,,
272,141,1060,288768,0.04541015625,0.7203596234321594,7.1328e-05,0.0006441133,756.74,1400,0.08052889546379446,-0.9457413747906684,0.071328,0.0382416769862175,-0.0014770499197766184,0.6238978505134583,754.7848807800001,,,
273,142,1064,290816,0.06796875,0.6052871942520142,7.11232e-05,0.00065762317,756.74,1410,0.11397411217913031,-0.9485088065266609,0.0711232,0.06572386622428894,-0.0015817858467926272,0.6255156993865967,754.8061241,,,
274,143,1068,292864,0.026904296875,0.4408837556838989,7.09184e-05,0.00036550302,749.01,1420,0.0029375948928645813,-0.9502743773162365,0.0709184,-0.0018097596475854516,-0.001223948183178436,0.6260825395584106,747.1092830000001,,,
275,144,1072,294912,0.017626953125,0.6124430894851685,7.07136e-05,0.00030419463,751.45,1430,0.07471007271669805,-0.9500162191689014,0.0707136,0.04186328500509262,-0.0008501172647811473,0.6250370144844055,749.5515330700001,,,
276,145,1075,296960,0.04541015625,0.43430155515670776,7.05088e-05,0.0003418932,754.24,1440,0.04594369229162112,-0.9482998207211495,0.0705088,0.017428554594516754,-0.0009972490923246368,0.6242475509643555,752.34020971,,,
276,146,1079,299008,0.037109375,0.52499920129776,7.030400000000001e-05,0.0007659686,754.24,1450,0.04886870599584654,-0.948601933568716,0.070304,0.023839466273784637,-0.0012573055835673585,0.6254658102989197,752.34020971,,,
,,,300000,0.041552734375,-0.6289392709732056,7.009920000000001e-05,0.0005513735,,1460,0.01834164196625352,-0.9494881391525268,0.07009920000000001,0.004106118343770504,-0.0016050570644438266,0.6250245571136475,,695.2,693.3246156,
270,147,1111,301056,,,,,759.84,,,,,,,,757.9649338399998,,,0.2384185791015625
271,148,1115,303104,0.023779296875,-1.1283693313598633,6.98944e-05,0.00041261874,760.12,1470,0.002864178625168279,-0.9475371472537517,0.06989440000000001,-0.003400134388357401,-0.0008105463464744389,0.6230907440185547,758.2461001999999,,,
272,149,1119,305152,0.0626953125,0.4958982467651367,6.968959999999999e-05,0.0007910727,767.78,1480,0.07785532400012016,-0.9462627239525319,0.0696896,0.025950666517019272,-0.0008223095559515059,0.6237666606903076,765.9398830199998,,,
273,150,1123,307200,0.08310546875,0.4439370036125183,6.94848e-05,0.0011218237,761.12,1490,0.13104441058821975,-0.9487215295433998,0.06948480000000001,0.06028618663549423,-0.0017110805085394532,0.626218855381012,759.3014592799998,,,
274,151,1127,309248,0.0181640625,0.6570631265640259,6.928000000000001e-05,0.00029341585,759.68,1500,0.0856076960451901,-0.9518756225705147,0.06928000000000001,0.03847793862223625,-0.0010609597811708227,0.6271902322769165,757.8692306600001,,,
275,152,1130,311296,0.07353515625,0.4720951318740845,6.90752e-05,0.00063345116,763.43,1510,0.04729386889375746,-0.9527005858719348,0.0690752,0.027780957520008087,-0.00115959475224372,0.6273433566093445,761.5816842400001,,,
276,153,1134,313344,0.08994140625,0.5492308139801025,6.887040000000001e-05,0.00073636137,752.64,1520,0.03139206715859473,-0.9522495716810226,0.0688704,0.01646430417895317,-0.002061613617115654,0.6266162395477295,750.8117826700001,,,
277,154,1138,315392,0.058056640625,0.47542721033096313,6.86656e-05,0.00067694054,752.54,1530,0.08447361141443252,-0.9529987387359142,0.0686656,0.04578770324587822,-0.0008496748690959066,0.6287358403205872,750.73765793,,,
277,155,1142,317440,0.06708984375,0.6362981796264648,6.846080000000001e-05,0.0007179482,747.42,1540,0.06464816257357597,-0.9556549452245235,0.0684608,0.011425559408962727,-0.0012576416222145781,0.629304826259613,745.5922846699999,,,
278,156,1146,319488,0.04775390625,0.41130775213241577,6.825600000000002e-05,0.00050909107,745.14,1550,0.09420340042561293,-0.9562740728259087,0.06825600000000001,0.07649871706962585,-0.001109102478949353,0.6301871538162231,743.31192821,,,
,,,320000,0.03369140625,0.695658802986145,6.80512e-05,0.0003807644,,1560,0.058845202531665565,-0.9577666878700256,0.0680512,0.03479282557964325,-0.0013759877125266939,0.6309427618980408,,832.0,830.4207145,
271,157,1183,321536,,,,,755.03,,,,,,,,753.1889827400003,,,0.2384185791015625
272,158,1187,323584,0.03974609375,-0.31708312034606934,6.78464e-05,0.0006027054,754.86,1570,0.015761442080838607,-0.9580147683620452,0.0678464,0.006171723827719688,-0.0022215024597244336,0.6301450133323669,753.02808674,,,
273,159,1191,325632,0.069921875,0.47223222255706787,6.76416e-05,0.0010428608,753.97,1580,0.08151270799571649,-0.9585440076887608,0.0676416,0.04771796613931656,-0.0010074236197397113,0.632005512714386,752.1337941199998,,,
274,160,1195,327680,0.0470703125,0.32113683223724365,6.743680000000001e-05,0.0007304356,752.45,1590,0.0810454675462097,-0.9589232042431831,0.06743680000000002,0.04373603314161301,-0.0011690152023220435,0.6302638053894043,750.62510481,,,
275,161,1198,329728,0.0892578125,0.5576428771018982,6.7232e-05,0.00095935323,738.59,1600,0.0591353113995865,-0.9579402782022953,0.06723200000000001,0.016409864649176598,-0.0022167958377394825,0.6312145590782166,736.7895609400001,,,
275,162,1202,331776,0.013525390625,0.6329315304756165,6.702720000000001e-05,0.0002675023,731.17,1610,0.07571535245515407,-0.9582926511764527,0.06702720000000001,0.01395365223288536,-0.0006556799125974067,0.6303081512451172,729.41913653,,,
276,163,1206,333824,0.097802734375,0.4103565216064453,6.682239999999999e-05,0.0008044387,716.81,1620,0.07947080959565937,-0.9569673761725426,0.0668224,0.039099857211112976,-0.0021542796079302208,0.6299548149108887,715.05665988,,,
277,164,1210,335872,0.030078125,0.5998950004577637,6.66176e-05,0.00051638286,714.78,1630,0.11015333789400757,-0.9576171420514583,0.0666176,0.030103541910648346,-0.0012079827720299363,0.6310003995895386,713.0364404899999,,,
278,165,1214,337920,0.0451171875,0.6974143385887146,6.641280000000002e-05,0.00052447536,725.39,1640,0.026074219518341123,-0.9597527332603931,0.06641280000000001,0.006391046568751335,-0.0015427725913468749,0.6326695680618286,723.6703337500002,,,
278,166,1218,339968,0.018603515625,0.5366030931472778,6.6208e-05,0.00014595258,714.97,1650,0.07387125932145863,-0.9599732883274555,0.066208,0.04447237774729729,-0.000837719398259651,0.6308141350746155,713.2487428900001,,,
,,,340000,0.06318359375,0.6194720268249512,6.60032e-05,0.00062063313,,1660,0.14872295642271638,-0.9570121228694916,0.0660032,0.09522860497236252,-0.0014003368676640093,0.6294302940368652,,848.9,847.1279879,
272,167,1256,342016,,,,,708.16,,,,,,,,706.4255134,,,0.2384185791015625
272,168,1260,344064,0.021142578125,0.6259399652481079,6.57984e-05,0.000324518,698.9,1670,0.06499547046842054,-0.9563792467117309,0.0657984,0.015255726873874664,-0.0007648472412256524,0.6301167607307434,697.1618835499999,,,
273,169,1264,346112,0.052734375,0.6621170043945312,6.559360000000001e-05,0.00072843593,697.17,1680,0.09595360485836864,-0.9575716599822044,0.0655936,0.034578438848257065,-0.0006788148530176841,0.6305637359619141,695.42626612,,,
274,170,1268,348160,0.058056640625,0.19475936889648438,6.53888e-05,0.00076285435,700.67,1690,0.059048229828476906,-0.9576637595891953,0.0653888,0.02055497281253338,-0.0016529865621123462,0.6302677392959595,698.9171360499998,,,
275,171,1273,350208,0.07158203125,0.39268243312835693,6.5184e-05,0.00052384473,697.05,1700,0.05378177532693371,-0.9567243903875351,0.06518399999999999,0.008576626889407635,-0.0019261281646322458,0.6295652389526367,695.29073779,,,
275,172,1277,352256,0.094189453125,0.4602789282798767,6.497919999999999e-05,0.0009472088,705.65,1710,0.051687118923291565,-0.9564552679657936,0.06497919999999999,0.009553929790854454,-0.001153752754908055,0.6301279664039612,703.9210569499999,,,
276,173,1281,354304,0.010888671875,0.4593812823295593,6.47744e-05,0.00027809694,697.45,1720,0.03462627639528364,-0.9584025181829929,0.06477440000000001,0.01765713281929493,-0.0005911799089517444,0.6317880153656006,695.71019908,,,
277,174,1285,356352,0.062060546875,0.5327962636947632,6.456960000000001e-05,0.00058545754,699.43,1730,0.1039327396079898,-0.9607115857303142,0.0645696,0.040691815316677094,-0.0021229090372798963,0.6332296133041382,697.7034157599999,,,
278,175,1288,358400,0.10107421875,0.6820663213729858,6.43648e-05,0.0009491438,701.85,1740,0.030631957028526814,-0.9622467175126076,0.0643648,0.004172259476035833,-0.0014196453004842625,0.6334227323532104,700.1179640400001,,,
,,,360000,0.032568359375,0.5860867500305176,6.416e-05,0.00039232502,,1750,0.11474220203235745,-0.9614037699997425,0.06416,0.10701550543308258,-0.0013372614339459687,0.6322514414787292,,721.6,720.160422,
272,176,1320,360448,,,,,703.07,,,,,,,,701.33756293,,,0.2384185791015625
273,177,1324,362496,0.02255859375,0.4485419988632202,6.395520000000001e-05,0.00030637483,701.97,1760,0.049203424638835716,-0.9600676484405994,0.0639552,0.0467986986041069,-0.0008731411653570831,0.6317701935768127,700.2431211999999,,,
274,178,1328,364544,0.041455078125,0.4738549590110779,6.37504e-05,0.0007118406,710.22,1770,0.04002877235179767,-0.9601593457162381,0.06375040000000001,0.02446388453245163,-0.0007279746030690148,0.6323526501655579,708.4999461299999,,,
275,179,1332,366592,0.043896484375,-0.5287668704986572,6.35456e-05,0.0005326955,717.94,1780,0.004375192519364646,-0.9600137189030647,0.06354560000000001,-0.0010731089860200882,-0.0017519171844469384,0.6314036846160889,716.2202793399998,,,
275,180,1336,368640,0.072216796875,0.41683703660964966,6.33408e-05,0.00073028763,717.94,1790,0.04743390399962664,-0.9588817954063416,0.0633408,0.034417979419231415,-0.0017215685831615702,0.6312366724014282,716.2264757600001,,,
276,181,1339,370688,0.0373046875,-1.141350269317627,6.313599999999999e-05,0.00027277833,710.67,1800,0.011758858288521879,-0.95851746276021,0.063136,0.001987343654036522,-0.0017687192739685997,0.6308581233024597,708.9623406900001,,,
277,182,1343,372736,0.082275390625,0.6601137518882751,6.29312e-05,0.00047457428,704.27,1810,0.0584615123225376,-0.958511407673359,0.06293119999999999,0.030859293416142464,-0.0016174517833860591,0.6313505172729492,702.55792793,,,
278,183,1347,374784,0.02265625,0.6601242423057556,6.272640000000001e-05,0.0003309922,711.58,1820,0.05700133375357837,-0.95898108035326,0.06272640000000002,0.031186550855636597,-0.0007862422819016502,0.6310884952545166,709.86007155,,,
278,184,1351,376832,0.0564453125,0.7631794214248657,6.25216e-05,0.00055653305,711.58,1830,0.03220732618356124,-0.959375561773777,0.06252160000000001,0.01571841351687908,-0.001447607306181453,0.6323408484458923,709.8608106000001,,,
279,185,1355,378880,0.021142578125,0.6312040686607361,6.23168e-05,0.00028276848,718.54,1840,0.003637521347263828,-0.9600036539137363,0.0623168,0.0010731316870078444,-0.001163124115555547,0.6309667825698853,716.81185543,,,
,,,380000,0.045166015625,0.3928447961807251,6.2112e-05,0.00039334723,,1850,0.1379668867215514,-0.9589080303907395,0.062112,0.045536041259765625,-0.0015471344930119812,0.6318479180335999,,838.7,837.3084130000001,
273,186,1393,380928,,,,,722.86,,,,,,,,721.1390294000001,,,0.2384185791015625
273,187,1397,382976,0.05595703125,-1.7560720443725586,6.19072e-05,0.00040894304,710.63,1860,0.0067037868851912204,-0.9601976051926613,0.06190720000000001,-0.0006383557338267565,-0.0013755421823589131,0.6322354674339294,708.9331199799998,,,
274,188,1401,385024,0.035107421875,0.6099530458450317,6.170240000000001e-05,0.00049716735,711.01,1870,0.14811852537095546,-0.9603527449071407,0.061702400000000004,0.10330544412136078,-0.0018427878268994391,0.6322277188301086,709.31241814,,,
275,189,1406,387072,0.055517578125,0.4642970561981201,6.14976e-05,0.0004412014,716.0,1880,0.04852481979760341,-0.9616313017904758,0.0614976,0.008977320976555347,-0.0014274424960603938,0.633983314037323,714.3037735700001,,,
275,190,1409,389120,0.0349609375,0.42851680517196655,6.12928e-05,0.00036908383,714.95,1890,0.050920628616586326,-0.9634187720716,0.061292799999999995,0.015502044931054115,-0.0008417584438575431,0.6340504884719849,713.26864994,,,
276,191,1413,391168,0.080517578125,0.6114571690559387,6.1088e-05,0.0005459954,701.55,1900,0.08153550673741847,-0.9634253233671188,0.061088,0.012126270681619644,-0.001436031841149088,0.6342186331748962,699.9187624200001,,,
277,192,1417,393216,0.037109375,0.46745216846466064,6.088320000000001e-05,0.00036069183,695.42,1910,0.12701627993956208,-0.9638097234070301,0.060883200000000005,0.0853438451886177,-0.0009648111459682696,0.6345266699790955,693.79389817,,,
278,193,1421,395264,0.042431640625,0.4358235001564026,6.0678400000000005e-05,0.0003825114,692.05,1920,0.09793297201395035,-0.9651720508933067,0.0606784,0.05151001736521721,-0.0012250883206434081,0.636116087436676,690.4309155099999,,,
278,194,1425,397312,0.091943359375,0.5630038976669312,6.0473599999999996e-05,0.0006672698,690.68,1930,0.07151504973880947,-0.9675010547041893,0.060473599999999995,0.020449558272957802,-0.0014200844467268325,0.6372785568237305,689.0312340200002,,,
279,195,1428,399360,0.11396484375,0.43531548976898193,6.02688e-05,0.0006734037,691.31,1940,0.07980708484537899,-0.9693116091191769,0.060268800000000004,0.043484386056661606,-0.0015829908865271137,0.6383891701698303,689.6614842999999,,,
,,,400000,0.06162109375,0.2896379232406616,6.0064000000000006e-05,0.0004672344,,1950,0.04419035838800482,-0.9702465035021305,0.060064000000000006,0.01223613228648901,-0.0015411834974656813,0.6382787227630615,,671.8,670.3898702,
274,196,1459,401408,,,,,706.46,,,,,,,,704.80242792,,,0.2384185791015625
275,197,1464,403456,0.035205078125,0.5606147050857544,5.9859200000000004e-05,0.00046764693,705.37,1960,0.12406389554962516,-0.9701062485575676,0.0598592,0.08051489293575287,-0.0012253042950760573,0.6384115219116211,703.6928658900001,,,
276,198,1468,405504,0.033447265625,0.4716472625732422,5.9654399999999996e-05,0.00030916496,719.76,1970,0.03759389078477397,-0.9703935325145722,0.059654399999999996,0.01549802627414465,-0.000794803409371525,0.6388195157051086,718.0687412500001,,,
276,199,1472,407552,0.02041015625,0.749604344367981,5.944960000000001e-05,0.00021028929,712.05,1980,0.029904801028897053,-0.9704884134232998,0.059449600000000005,0.02175494283437729,-0.0009819356782827526,0.6382306218147278,710.3568408100001,,,
277,200,1476,409600,0.033056640625,0.5099412798881531,5.92448e-05,0.00037829898,711.01,1990,0.09927740290295332,-0.9701755218207836,0.0592448,0.07711683213710785,-0.0010381358632002957,0.6387106776237488,709.3137368299999,,,
278,201,1480,411648,0.07568359375,0.3923150300979614,5.9040000000000004e-05,0.0007689756,714.52,2000,0.06041622254997492,-0.970935606956482,0.05904000000000001,0.026953348889946938,-0.0010314892344467808,0.639029860496521,712.82272894,,,
278,202,1484,413696,0.04658203125,0.5778524279594421,5.88352e-05,0.00035754775,718.26,2010,0.14717969419434668,-0.9726336933672428,0.058835200000000004,0.06426846981048584,-0.0007449125114362687,0.6409923434257507,716.57385854,,,
279,203,1488,415744,0.047119140625,0.5042693614959717,5.8630399999999993e-05,0.00045990752,725.25,2020,0.04319914514780976,-0.9738125205039978,0.0586304,0.016837336122989655,-0.000750679275370203,0.6401929259300232,723.5617825500001,,,
279,204,1493,417792,0.047900390625,0.5920131206512451,5.8425600000000005e-05,0.0005182903,719.35,2030,0.03465340151451528,-0.9729731202125549,0.0584256,0.015471653081476688,-0.001266947214026004,0.6403179168701172,717.6581398200001,,,
280,205,1497,419840,0.02900390625,0.4548947811126709,5.822080000000001e-05,0.00040407415,712.29,2040,0.0926034051924944,-0.9743223033845425,0.05822080000000001,0.03522062301635742,-0.0009108287922572345,0.6418617963790894,710.5891021300001,,,
,,,420000,0.111328125,0.4973910450935364,5.8016e-05,0.000857968,,2050,0.08169078959617763,-0.9759441517293453,0.058016000000000005,0.08183220028877258,-0.0025507079393719324,0.6423283815383911,,660.4,658.7230442999999,
275,206,1529,421888,,,,,701.43,,,,,,,,699.7367212100002,,,0.2384185791015625
276,207,1534,423936,0.097021484375,0.4845762848854065,5.78112e-05,0.0007618355,715.62,2060,0.1301994388923049,-0.9750872075557708,0.0578112,0.05160283297300339,-0.001529210346052423,0.6405349373817444,713.8934948399999,,,
276,208,1539,425984,0.04833984375,0.7750296592712402,5.7606400000000005e-05,0.00030702457,713.22,2070,0.024797224358189852,-0.973644157499075,0.0576064,0.0012401859275996685,-0.0018367558652244043,0.6410703659057617,711.5008865199999,,,
277,209,1543,428032,0.08134765625,0.4388314485549927,5.740160000000001e-05,0.00060946564,718.9,2080,0.08725668229162693,-0.9739004850387574,0.05740160000000001,0.049969058483839035,-0.0015055088093504309,0.6404781937599182,717.1787897199999,,,
277,210,1548,430080,0.019775390625,-0.06282532215118408,5.719680000000001e-05,0.00026622316,714.34,2090,0.0038549495686311273,-0.9724860779941082,0.057196800000000006,0.002497453475371003,-0.0008493685105349869,0.6392142176628113,712.61997887,,,
278,211,1553,432128,0.07138671875,0.38490748405456543,5.6992e-05,0.00034553773,704.32,2100,0.09544120209757238,-0.9715309210121632,0.056992,0.04095591604709625,-0.001222936375415884,0.6396548748016357,702.5894335,,,
278,212,1557,434176,0.07255859375,0.5444531440734863,5.67872e-05,0.00065604213,703.92,2110,0.13040654584765435,-0.9710694685578346,0.056787199999999996,0.047248803079128265,-0.0018953750986838713,0.6381439566612244,702.13454162,,,
279,213,1563,436224,0.046728515625,0.42887240648269653,5.65824e-05,0.0003963228,706.42,2120,0.04298990365350619,-0.970222645252943,0.056582400000000005,0.017079826444387436,-0.0008587616146542131,0.638949453830719,704.62663711,,,
279,214,1567,438272,0.018896484375,-0.6824642419815063,5.637760000000001e-05,0.00019858638,706.42,2130,0.002097693299583625,-0.9698129415512085,0.05637760000000001,-0.00046394055243581533,-0.0007472131532267667,0.6371145844459534,704.6417932099998,,,
,,,440000,0.057177734375,-0.2363032102584839,5.6172800000000005e-05,0.00047019136,,2140,0.010428299565683119,-0.9672773569822312,0.0561728,0.00541546568274498,-0.0016824127189465799,0.6360337734222412,,876.2,873.9419780000001,
273,215,1609,440320,,,,,706.65,,,,,,,,704.88600965,,,0.2384185791015625
273,216,1615,442368,0.038818359375,0.37927353382110596,5.5968e-05,0.0002290683,712.77,2150,0.05614940827945247,-0.966855201125145,0.055968,0.05035881698131561,-0.0005181228538276627,0.6366631984710693,710.97526377,,,
273,217,1622,444416,0.040185546875,0.00896066427230835,5.57632e-05,0.00026419217,711.86,2160,0.0019179785464075393,-0.9655976690351963,0.055763200000000006,-0.0029841740615665913,-0.0011946369777433574,0.6340797543525696,710.06105135,,,
274,218,1628,446464,0.08642578125,0.43598735332489014,5.5558400000000013e-05,0.0005135957,700.14,2170,0.04277854458778165,-0.9639643467962742,0.05555840000000001,0.026411138474941254,-0.0019073014089372009,0.6352072358131409,698.3484748,,,
274,219,1634,448512,0.025341796875,0.41187793016433716,5.5353600000000005e-05,0.00026801976,704.14,2180,0.09818971399217843,-0.9667399257421494,0.0553536,0.04432820528745651,-0.0007081405608914792,0.6372858881950378,702.3719909600001,,,
275,220,1638,450560,0.081201171875,0.4744908809661865,5.51488e-05,0.00046550744,712.9,2190,0.05101965180947445,-0.9682986229658127,0.0551488,0.02022516541182995,-0.0011233450553845615,0.6368754506111145,711.12821826,,,
275,221,1642,452608,0.083984375,0.009440481662750244,5.4943999999999994e-05,0.00058171013,719.75,2200,0.0034454509237548336,-0.9676384463906288,0.05494399999999999,-0.0025100368075072765,-0.0020433244499145076,0.6367024779319763,717.9644244799998,,,
276,222,1646,454656,0.033984375,-0.9310020208358765,5.47392e-05,0.00025795575,715.63,2210,0.003725408625905402,-0.9655185885727405,0.0547392,0.003460332751274109,-0.0012527626444352792,0.6339329481124878,713.8444366899998,,,
276,223,1651,456704,0.045654296875,0.46873241662979126,5.453440000000001e-05,0.00031592377,707.05,2220,0.09407331212423742,-0.962629958987236,0.05453440000000001,0.035094067454338074,-0.0009451738937059417,0.6335179805755615,705.2571276599998,,,
277,224,1655,458752,0.0453125,0.6463332176208496,5.43296e-05,0.00035539764,702.72,2230,0.1721771343611181,-0.9619393080472947,0.054329600000000006,0.05447501316666603,-0.0012198681943118572,0.6327551603317261,700.9275934899998,,,
,,,460000,0.054150390625,0.4626585841178894,5.41248e-05,0.00042020576,,2240,0.05036634739954025,-0.9612440571188927,0.0541248,0.006839929148554802,-0.001266812924586702,0.6328878402709961,,892.3,890.3455890000001,
271,225,1698,460800,,,,,715.85,,,,,,,,714.04156567,,,0.2384185791015625
271,226,1704,462848,0.033251953125,0.90113365650177,5.3920000000000006e-05,0.00026838254,721.91,2250,0.0032999204893712887,-0.9608655139803887,0.05392,0.0005803544772788882,-0.0011262986576184631,0.6321845054626465,720.1072320499999,,,
271,227,1711,464896,0.01708984375,0.7941077947616577,5.371520000000001e-05,0.00015858408,733.38,2260,0.001232048621022841,-0.9595643796026707,0.05371520000000001,8.487381273880601e-05,-0.0004815778826014139,0.6311470866203308,731.5543547000001,,,
271,228,1717,466944,0.074755859375,0.45782387256622314,5.35104e-05,0.00067369523,734.43,2270,0.09666628669947386,-0.9583954229950905,0.05351040000000001,0.051497675478458405,-0.0015487335855141281,0.6309284567832947,732.5949279900001,,,
272,229,1724,468992,0.063525390625,0.3472749590873718,5.33056e-05,0.0005056434,739.12,2280,0.09653566512279213,-0.9585917487740516,0.0533056,0.030374422669410706,-0.0010691352654248476,0.6312670111656189,737.29919014,,,
272,230,1730,471040,0.079736328125,0.17385149002075195,5.31008e-05,0.0005372096,743.87,2290,0.01788907860754989,-0.958127474784851,0.0531008,0.0062855505384504795,-0.0018040518945781514,0.6300261616706848,742.0035092899999,,,
272,231,1736,473088,0.081591796875,0.4370375871658325,5.2896e-05,0.00060328946,752.61,2300,0.048036099103046584,-0.9564530588686466,0.052896,0.020556993782520294,-0.0012104297507903538,0.6295518279075623,750.7374144599997,,,
272,232,1742,475136,0.051171875,0.20070743560791016,5.269120000000001e-05,0.00041842458,748.38,2310,0.00561504229408456,-0.9557483702898025,0.05269120000000001,-0.0011306314263492823,-0.0015051799389766529,0.6290838718414307,746.5430312299999,,,
272,233,1748,477184,0.077734375,0.6005061864852905,5.24864e-05,0.00046849909,742.37,2320,0.07992885448038578,-0.9552793458104134,0.0524864,0.029481718316674232,-0.0020626326120691376,0.6288854479789734,740.5416362399998,,,
273,234,1755,479232,0.089892578125,0.42993104457855225,5.22816e-05,0.0003485792,738.32,2330,0.04694028698722832,-0.9558373384177685,0.0522816,0.018717113882303238,-0.0010432330906041897,0.6299644112586975,736.52825245,,,
,,,480000,0.057275390625,0.6141389608383179,5.20768e-05,0.00036113313,,2340,0.08644888412673027,-0.9573213070631027,0.052076800000000006,0.06756389141082764,-0.0009914897789712995,0.6305805444717407,,677.4,675.456819,
269,235,1788,481280,,,,,749.8,,,,,,,,747.99459944,,,0.2384185791015625
269,236,1794,483328,0.036865234375,0.37075507640838623,5.187200000000001e-05,0.00026421435,749.53,2350,0.055662395409308375,-0.9574669927358628,0.05187200000000001,0.014685075730085373,-0.0010379124025348574,0.6299145817756653,747.7152911399999,,,
269,237,1801,485376,0.033056640625,0.54384446144104,5.1667200000000006e-05,0.00021120439,758.72,2360,0.05031429149676114,-0.9564286269247532,0.0516672,0.024777092039585114,-0.00030398164235521106,0.6297020316123962,756.91269485,,,
269,238,1807,487424,0.024853515625,-1.5885491371154785,5.14624e-05,0.00022828009,770.92,2370,0.0035366749376407824,-0.9557810813188553,0.0514624,0.0018332693725824356,-0.0008882717869710177,0.628709077835083,769.1163329500002,,,
269,239,1814,489472,0.035009765625,0.3706788420677185,5.1257599999999995e-05,0.00023209924,773.53,2380,0.05540961042279378,-0.9546980731189251,0.05125759999999999,0.03842257335782051,-0.0007826458022464067,0.6286386251449585,771.7355365500001,,,
269,240,1820,491520,0.0376953125,0.6317346096038818,5.10528e-05,0.00028528337,784.32,2390,0.01033062357455492,-0.9538701064884663,0.0510528,0.001214303309097886,-0.0015473575447686016,0.6273038983345032,782.5195220300001,,,
270,241,1827,493568,0.03115234375,0.740491509437561,5.0848000000000005e-05,0.0001908799,784.32,2400,0.0037750983436126264,-0.9511489495635033,0.050848000000000004,-0.0034869774244725704,-0.001738118969660718,0.625320315361023,782.5060420100001,,,
270,242,1833,495616,0.02841796875,0.5632426738739014,5.06432e-05,0.0002420403,791.12,2410,0.0016729271439544391,-0.948971426486969,0.0506432,0.0008481440600007772,-0.0009458754240768031,0.6247129440307617,789.30567308,,,
270,243,1840,497664,0.040478515625,0.8291168212890625,5.0438399999999995e-05,0.0003017101,797.82,2420,0.0020219755373545923,-0.9480686813592911,0.050438399999999994,-0.0037911534309387207,-0.0015028641530079768,0.6240828037261963,796.00691704,,,
270,244,1847,499712,0.030419921875,0.2548590302467346,5.02336e-05,0.0002588153,803.84,2430,0.0060046491606044585,-0.9465290285646916,0.0502336,0.0001318162539973855,-0.0012298601999646054,0.6228300929069519,802.0061255,,,
,,,500000,0.0822265625,0.40322959423065186,5.002880000000001e-05,0.0004972307,,2440,0.05375148679595441,-0.9448464177548885,0.05002880000000001,0.014669675379991531,-0.0007797683021635749,0.6221925020217896,,828.5,827.003386,
266,245,1885,501760,,,,,802.27,,,,,,,,800.43993834,,,0.2384185791015625
266,246,1889,503808,0.055419921875,0.6311566233634949,4.9824e-05,0.00021397881,809.47,2450,0.07705566106596962,-0.9441787540912628,0.04982400000000001,0.03817000240087509,-0.0009043721453053877,0.6219849586486816,807.6352621299998,,,
267,247,1893,505856,0.076513671875,0.373975932598114,4.96192e-05,0.00034152262,809.47,2460,0.05049989422550425,-0.944240041077137,0.0496192,0.03728105127811432,-0.0009390025479660835,0.6222615838050842,807.65269558,,,
267,248,1897,507904,0.034228515625,0.320526659488678,4.9414400000000006e-05,0.0002239861,816.72,2470,0.003795302695652936,-0.9443393103778362,0.049414400000000004,0.0015614196890965104,-0.0012098412844352424,0.6219236850738525,814.89345874,,,
268,249,1902,509952,0.016064453125,0.48892223834991455,4.92096e-05,0.0001839903,816.72,2480,0.0016761888851760886,-0.943250359594822,0.0492096,-0.0006856274558231235,-0.0011122322801384143,0.6207497119903564,814.8871929600002,,,
268,250,1906,512000,0.0349609375,0.14563453197479248,4.900480000000001e-05,0.00024648558,824.62,2490,0.003495082224253565,-0.9411083690822124,0.04900480000000001,0.0009998385794460773,-0.0012390562100335956,0.6194494366645813,822.7974782899998,,,
269,251,1910,514048,0.041552734375,0.5283160209655762,4.88e-05,0.00051332824,825.33,2500,0.05233378892298788,-0.939575357735157,0.0488,0.009973900392651558,-0.0007486633665394038,0.6190985441207886,823.5018448899998,,,
269,252,1914,516096,0.07255859375,0.49492913484573364,4.8595200000000005e-05,0.00031510985,841.16,2510,0.050568129887687975,-0.9389675162732601,0.048595200000000005,0.04839491844177246,-0.0011481935856863857,0.6186782717704773,839.3397644799999,,,
270,253,1918,518144,0.0453125,0.08035057783126831,4.8390400000000003e-05,0.00026200607,840.6,2520,0.0022594534966629,-0.9379590958356857,0.0483904,3.467727219685912e-05,-0.0011378442446584812,0.6175186038017273,838.81168207,,,
,,,520000,0.03955078125,0.44868791103363037,4.8185599999999995e-05,0.00032507983,,2530,0.04597623001900501,-0.9364994086325169,0.048185599999999995,0.03159749507904053,-0.0011849410017021,0.6171894669532776,,855.7,854.1316989999999,
265,254,1957,520192,,,,,840.62,,,,,,,,838.83505781,,,0.2384185791015625
266,255,1961,522240,0.080908203125,0.4330172538757324,4.7980800000000007e-05,0.00034643838,833.68,2540,0.08718308019451797,-0.9368689700961113,0.047980800000000004,0.025583647191524506,-0.0014863089338177816,0.617953896522522,831.8923310099999,,,
266,256,1966,524288,0.03154296875,0.39708107709884644,4.7776e-05,0.00019886573,835.83,2550,0.056551938178017735,-0.9382796883583069,0.047776,0.05404505506157875,-0.000623532832833007,0.6186649203300476,834.0496063599999,,,
267,257,1971,526336,0.05546875,0.6705615520477295,4.75712e-05,0.00030613673,830.63,2560,0.06928950635483488,-0.9387120194733143,0.04757120000000001,0.014302069321274757,-0.0009678730217274279,0.6185545921325684,828.86343847,,,
267,258,1975,528384,0.036572265625,0.5955463647842407,4.73664e-05,0.00024385871,832.71,2570,0.03494682479649782,-0.93900206387043,0.0473664,0.010718253441154957,-0.0008715736272279173,0.6192781329154968,830.95307575,,,
267,259,1979,530432,0.052099609375,0.353740394115448,4.7161600000000006e-05,0.00022040962,838.25,2580,0.12807332212105393,-0.9406320989131928,0.047161600000000005,0.12126068770885468,-0.0011837988364277407,0.620529294013977,836.4778022999999,,,
268,260,1983,532480,0.04111328125,0.7573608160018921,4.6956800000000004e-05,0.0002449642,838.37,2590,0.0464378947392106,-0.9430728651583195,0.0469568,0.01846904680132866,-0.002160854388785083,0.6222362518310547,836.6068382899998,,,
268,261,1988,534528,0.015478515625,0.6530991196632385,4.675200000000001e-05,0.00014795363,833.75,2600,0.0056784799751767425,-0.944383255392313,0.04675200000000001,0.0014639613218605518,-0.0009155758511042222,0.6219108700752258,831.9882575499998,,,
269,262,1993,536576,0.06025390625,0.7554219365119934,4.65472e-05,0.00043560407,821.97,2610,0.03226121951593086,-0.9438800096511841,0.046547200000000004,0.007954699918627739,-0.0004610720556229353,0.621864378452301,820.22138992,,,
269,263,1998,538624,0.050146484375,0.38323068618774414,4.63424e-05,0.0003028002,823.47,2620,0.10953620821237564,-0.9443415559828281,0.0463424,0.06864561140537262,-0.0008725708386918996,0.6224099397659302,821.7244247499999,,,
,,,540000,0.07373046875,0.48909276723861694,4.6137600000000004e-05,0.00039163092,,2630,0.13395531119313092,-0.9456737093627453,0.0461376,0.07596200704574585,-0.0009529028931865469,0.6236578226089478,,723.1,721.6386221,
265,264,2033,540672,,,,,837.4,,,,,,,,835.66228178,,,0.2384185791015625
266,265,2037,542720,0.04892578125,0.416279673576355,4.5932799999999995e-05,0.00017901423,823.17,2640,0.14836789360269903,-0.9474317409098149,0.045932799999999996,0.02481852099299431,-0.0006786969694076106,0.6243816614151001,821.4263601299998,,,
266,266,2041,544768,0.0578125,0.6890420913696289,4.572800000000001e-05,0.00024851674,823.31,2650,0.03653169350000098,-0.9482306331396103,0.045728000000000005,0.022861329838633537,-0.0009041240555234253,0.6246888041496277,821.5899102799999,,,
267,267,2046,546816,0.073486328125,0.4191400408744812,4.55232e-05,0.00040822785,824.66,2660,0.05908710635849275,-0.947843112051487,0.0455232,0.022501759231090546,-0.0010593678976874798,0.6238811612129211,822.91491433,,,
267,268,2050,548864,0.028173828125,0.49060386419296265,4.53184e-05,0.00023262517,830.02,2670,0.03699892669101246,-0.9471501059830189,0.04531840000000001,0.009252969175577164,-0.0002562805137131363,0.6239598393440247,828.2912447999998,,,
268,269,2055,550912,0.00810546875,-3.1807899475097656,4.51136e-05,9.299774e-05,830.02,2680,0.005578401850652881,-0.9465266577899456,0.045113600000000004,-0.0010022034402936697,-0.0008134349976899102,0.6229805946350098,828.29205357,,,
268,270,2059,552960,0.034765625,-0.6703702211380005,4.4908800000000006e-05,0.00017409018,819.1,2690,0.004397685086587444,-0.9446399472653866,0.044908800000000006,-0.002063857391476631,-0.0007977534784004092,0.6216692328453064,817.4165093299998,,,
268,271,2063,555008,0.05810546875,0.5141153335571289,4.4704000000000004e-05,0.0003686619,810.27,2700,0.14762918343767523,-0.9436430715024471,0.044704,0.08198142051696777,-0.0009721514215925708,0.6217814087867737,808.6024671399999,,,
269,272,2067,557056,0.097998046875,0.49126893281936646,4.449920000000001e-05,0.0003005158,808.14,2710,0.05140465540462173,-0.9438776068389416,0.04449920000000001,0.020772784948349,-0.0008044563088333234,0.6219870448112488,806.4660633899999,,,
269,273,2071,559104,0.09716796875,0.7378488779067993,4.42944e-05,0.00050719414,823.34,2720,0.036570346372900533,-0.9456106022000312,0.044294400000000005,0.018194423988461494,-0.001293503789929673,0.6238384246826172,821.67068283,,,
,,,560000,0.009326171875,-3.472404956817627,4.40896e-05,8.658666e-05,,2730,0.0032801513887534385,-0.9477323651313782,0.0440896,0.000817280902992934,-0.0007025716462521814,0.62442946434021,,848.7,846.5505831,
265,274,2110,561152,,,,,830.66,,,,,,,,828.98984176,,,0.2384185791015625
266,275,2115,563200,0.027490234375,0.45933353900909424,4.3884800000000004e-05,0.00016960516,825.79,2740,0.05408813728718087,-0.9475889749825,0.0438848,0.025158174335956573,-0.0002834113300195895,0.6238270998001099,824.13019001,,,
266,276,2119,565248,0.071435546875,0.45434772968292236,4.368e-05,0.00042831938,825.43,2750,0.050328030355740336,-0.947430432587862,0.04368,0.025615699589252472,-0.0010022951501014177,0.6244292259216309,823.7948733199997,,,
267,277,2123,567296,0.06728515625,0.4911433458328247,4.347520000000001e-05,0.00019372962,825.43,2760,0.046189024246996266,-0.9485400564968586,0.043475200000000006,0.014595775865018368,-0.0005779716011602432,0.6251317262649536,823.80141112,,,
267,278,2127,569344,0.046240234375,-1.6782429218292236,4.32704e-05,0.00019144587,821.76,2770,0.007203714310890064,-0.9492828622460365,0.0432704,-0.0016855709254741669,-0.0009681703639216721,0.6253206133842468,820.1353365200001,,,
268,279,2131,571392,0.064990234375,0.801865816116333,4.30656e-05,0.00019796572,821.76,2780,0.030077157262712716,-0.949572215974331,0.04306560000000001,0.004892118740826845,-0.0005219283484620973,0.6256017088890076,820.1353365200001,,,
268,280,2135,573440,0.023828125,-3.1654748916625977,4.28608e-05,0.00014418681,820.47,2790,0.0009886827392620035,-0.9498674415051938,0.042860800000000004,-0.00030500616412609816,-0.0005111754697281867,0.6255932450294495,818.8532409300001,,,
268,281,2139,575488,0.076220703125,0.44625622034072876,4.2656000000000006e-05,0.00030672175,802.96,2800,0.05540411445545033,-0.9506794020533562,0.042656000000000006,0.013982115313410759,-0.001081756775965914,0.6267590522766113,801.35923627,,,
269,282,2143,577536,0.061328125,0.6243389844894409,4.2451200000000004e-05,0.0003781924,802.96,2810,0.11420276528224349,-0.9515225298702716,0.0424512,0.03244108706712723,-0.001045456578140147,0.6263318061828613,801.3565637000002,,,
269,283,2147,579584,0.022900390625,-1.3794491291046143,4.2246399999999996e-05,0.00011979953,788.59,2820,0.0026896719078649766,-0.9507307976484298,0.042246399999999996,-0.0015077218413352966,-0.0006283100316068158,0.6258780360221863,787.0280449,,,
,,,580000,0.065966796875,0.576905369758606,4.20416e-05,0.00027625932,,2830,0.1197909907437861,-0.951230737566948,0.042041600000000005,0.05419362336397171,-0.0014509397216897924,0.6271761059761047,,931.5,929.5706449000002,
265,284,2192,581632,,,,,797.48,,,,,,,,795.91951046,,,0.2384185791015625
265,285,2197,583680,0.03505859375,0.5003405809402466,4.18368e-05,0.00015498306,796.56,2840,0.003270589678140823,-0.9522449977695941,0.0418368,0.0006213757442310452,-0.000807734506088309,0.6267473101615906,795.00462001,,,
266,286,2201,585728,0.034765625,0.39059919118881226,4.1632000000000004e-05,0.00022419497,794.22,2850,0.05761453142622486,-0.9518190123140812,0.041632,0.0043312180787324905,-0.000291822619328741,0.6268718838691711,792.6689350599997,,,
266,287,2205,587776,0.041845703125,0.6783279180526733,4.14272e-05,0.0002275768,793.81,2860,0.0407211494166404,-0.9520136684179306,0.0414272,0.014794467017054558,-0.0006929582974407822,0.6269492506980896,792.26825105,,,
267,288,2209,589824,0.060009765625,0.3554084300994873,4.122240000000001e-05,0.00023472136,796.28,2870,0.04463388022268191,-0.952075096219778,0.041222400000000006,0.013442544266581535,-0.0007472939963918179,0.6270097494125366,794.72105692,,,
267,289,2212,591872,0.056298828125,0.4317185878753662,4.10176e-05,0.00025101518,796.28,2880,0.06742888502776623,-0.9517298854887486,0.0410176,0.02701505832374096,-0.0007582905440358445,0.6263518929481506,794.6989695800002,,,
267,290,2216,593920,0.040771484375,0.10757070779800415,4.08128e-05,0.00022377085,786.2,2890,0.005997901607770473,-0.9506455801427365,0.04081280000000001,0.002612348645925522,-0.0009306815307354554,0.6257749199867249,784.61153681,,,
268,291,2220,595968,0.052197265625,0.47989046573638916,4.0608e-05,0.00023822146,786.75,2900,0.1159212660510093,-0.9504630833864212,0.040608000000000005,0.03142348304390907,-0.0011237858154345304,0.6263073086738586,785.16052035,,,
268,292,2224,598016,0.050732421875,0.28897523880004883,4.04032e-05,0.00015095511,793.03,2910,0.07764053316786886,-0.9509738080203534,0.0404032,0.05235513299703598,-0.0010093575096107089,0.6261100769042969,791.4353854600001,,,
,,,600000,0.015283203125,-1.2196850776672363,4.0198400000000005e-05,5.076443e-05,,2920,0.005165555246639997,-0.9506253898143768,0.0401984,0.0002516948152333498,-0.0005771171723608859,0.6259611248970032,,697.0,695.5302983000001,
265,293,2256,600064,,,,,793.03,,,,,,,,791.4330249800001,,,0.2384185791015625
266,294,2260,602112,0.046923828125,-0.4709146022796631,3.9993599999999996e-05,0.00017245725,797.78,2930,0.013294737780233845,-0.9501188069581985,0.0399936,0.005385109223425388,-0.0010969377763103694,0.6253406405448914,796.1941068,,,
266,295,2264,604160,0.0458984375,0.881705105304718,3.97888e-05,0.00010303852,793.98,2940,0.005822617954981979,-0.9494557023048401,0.039788800000000006,-0.0005355778848752379,-0.0010534193977946415,0.6253005266189575,792.4020784700002,,,
267,296,2268,606208,0.07041015625,0.7499547600746155,3.9584e-05,0.00026128785,796.43,2950,0.036348468955839056,-0.9493949733674526,0.039584,0.015696339309215546,-0.0007128779398044571,0.6253498196601868,794.8513512999999,,,
267,297,2272,608256,0.018701171875,0.4678199887275696,3.9379200000000004e-05,0.0001315408,791.1,2960,0.05222742984769866,-0.9498751729726791,0.0393792,0.006141211837530136,-0.0002825100382324308,0.6258305311203003,789.5131743300001,,,
268,298,2276,610304,0.0451171875,0.6319484710693359,3.91744e-05,0.00018910402,795.23,2970,0.09266731080133468,-0.9496364340186119,0.0391744,0.07476376742124557,-0.0005944183067185804,0.6248892545700073,793.65252459,,,
268,299,2280,612352,0.0482421875,-2.8138034343719482,3.896960000000001e-05,0.00016405105,791.33,2980,0.0015185893098532688,-0.9486175604164601,0.03896960000000001,-0.00014700822066515684,-0.0007701287686359137,0.6247642040252686,789.77541105,,,
268,300,2284,614400,0.083251953125,0.44906169176101685,3.87648e-05,0.0002791888,791.64,2990,0.05503358514979482,-0.9484471991658211,0.0387648,0.05160520225763321,-0.0008539987320546061,0.6246591210365295,790.0697942200001,,,
269,301,2288,616448,0.115673828125,0.46464723348617554,3.856000000000001e-05,0.00043126612,797.69,3000,0.052725133928470315,-0.9482132449746132,0.03856000000000001,0.03258224204182625,-0.0014382420195033774,0.6244085431098938,796.12392255,,,
269,302,2293,618496,0.024951171875,0.3807685375213623,3.835520000000001e-05,0.00016711564,805.19,3010,0.009820449052494951,-0.9477342091500759,0.038355200000000006,0.0031947377137839794,-0.0011030434485292061,0.6240260004997253,803.5940944399999,,,
,,,620000,0.11845703125,0.5016777515411377,3.815039999999999e-05,0.0002611495,,3020,0.14245305089280008,-0.9474399216473103,0.0381504,0.06710529327392578,-0.0010610685276333243,0.6242226958274841,,668.8,666.8497227999999,
267,303,2323,620544,,,,,800.63,,,,,,,,799.0306909499999,,,0.2384185791015625
267,304,2327,622592,0.077587890625,0.43330734968185425,3.7945600000000005e-05,0.00030356259,810.23,3030,0.10173153281211852,-0.9476976834237576,0.0379456,0.015816060826182365,-0.001102876223740168,0.6242440342903137,808.64001336,,,
267,305,2331,624640,0.0447265625,0.4722311496734619,3.77408e-05,0.00023961876,810.23,3040,0.09225121780764312,-0.94810099452734,0.0377408,0.02421923726797104,-0.000537364711635746,0.6247079372406006,808.64001336,,,
268,306,2335,626688,0.041748046875,-0.6093932390213013,3.7536e-05,0.00010261513,810.56,3050,0.00400279340101406,-0.9482966005802155,0.03753600000000001,-0.0011806250549852848,-0.0012122450381866657,0.6243230700492859,808.9840681399999,,,
268,307,2339,628736,0.037744140625,0.2844530940055847,3.73312e-05,0.00013980069,809.07,3060,0.006903199813677929,-0.9475055210292339,0.037331199999999995,0.0024961046874523163,-0.00054504281579284,0.6239343881607056,807.5249131300001,,,
269,308,2343,630784,0.05908203125,0.4386320114135742,3.712640000000001e-05,0.00024904043,806.79,3070,0.0448563473066315,-0.9476313203573227,0.037126400000000004,0.038890838623046875,-0.0004460452211787924,0.624494194984436,805.21304667,,,
269,309,2347,632832,0.033349609375,0.5107748508453369,3.6921599999999996e-05,0.00013904391,811.79,3080,0.04885357152088545,-0.9487038955092431,0.0369216,0.016273390501737595,-0.001048834684479516,0.6252807378768921,810.2103190000001,,,
269,310,2351,634880,0.059228515625,0.47279495000839233,3.671680000000001e-05,0.0002299009,822.61,3090,0.061023787612793964,-0.9494121439754963,0.03671680000000001,0.008203578181564808,-0.0006124181498307734,0.6252075433731079,821.02875595,,,
270,311,2356,636928,0.018603515625,0.3853820562362671,3.6512000000000005e-05,7.747342e-05,815.12,3100,0.003281917994900141,-0.9490506194531918,0.036512,4.600721877068281e-05,-0.001151799873332493,0.6247555017471313,813.5267979899999,,,
270,312,2360,638976,0.056591796875,0.46373891830444336,3.630719999999999e-05,0.00016896665,815.62,3110,0.10412385484669358,-0.9490609504282475,0.0363072,0.03882060572504997,-0.0008661848463816568,0.6255609393119812,814.02120802,,,
,,,640000,0.0423828125,0.446183979511261,3.61024e-05,0.00018507332,,3120,0.05317647990887053,-0.9501643769443036,0.03610240000000001,0.04613577574491501,-0.0003763264961889945,0.6259528994560242,,685.1,683.5196774,
268,313,2391,641024,,,,,809.48,,,,,,,,807.87616112,,,0.2384185791015625
268,314,2395,643072,0.080859375,0.431513249874115,3.58976e-05,0.0002260736,807.95,3130,0.05576388111221604,-0.9508669547736645,0.0358976,0.06661433726549149,-0.0009911477274727077,0.626514196395874,806.3291585800001,,,
268,315,2400,645120,0.045361328125,0.6687226891517639,3.56928e-05,0.00012312384,816.14,3140,0.03634080052142963,-0.9521206617355347,0.03569280000000001,0.013923999853432178,-0.0009716878368635662,0.6275562644004822,814.5144544999999,,,
269,316,2404,647168,0.0515625,-2.16544246673584,3.5487999999999996e-05,0.00017491529,819.23,3150,0.004957325117720757,-0.9536153078079224,0.035488000000000006,-0.0010704955784603953,-0.000844732832047157,0.6282283663749695,817.61231308,,,
269,317,2408,649216,0.034033203125,0.342215359210968,3.528320000000001e-05,0.00013385013,819.23,3160,0.0019283560861367733,-0.9544415533542633,0.0352832,-0.0005991324433125556,-0.0006280469882767647,0.6285699605941772,817.5979812300002,,,
269,318,2413,651264,0.029638671875,-0.1320430040359497,3.5078400000000006e-05,0.00010347414,821.97,3170,0.005290654876444023,-0.9543510794639587,0.035078399999999996,0.002572181634604931,-0.0008540646580513567,0.6281699538230896,820.3142335599998,,,
270,319,2417,653312,0.064990234375,0.4404969811439514,3.4873600000000004e-05,0.00013085161,817.52,3180,0.058028634905349465,-0.9545478627085686,0.034873600000000005,0.014417455531656742,-0.0009001359605463222,0.6290040016174316,815.8556983899999,,,
270,320,2422,655360,0.05703125,0.6923666000366211,3.46688e-05,0.00016482746,817.52,3190,0.08232191985007375,-0.9557570099830628,0.0346688,0.032532498240470886,-0.0008947809532401152,0.6295594573020935,815.82377686,,,
270,321,2426,657408,0.037841796875,-0.18463492393493652,3.4464e-05,0.00015901329,821.03,3200,0.00159194583829958,-0.955777782946825,0.034463999999999995,0.0020099636167287827,-0.0010540968680288643,0.6288903951644897,819.3540087199998,,,
271,322,2430,659456,0.048193359375,0.6216520071029663,3.42592e-05,0.00010674869,812.57,3210,0.08547504257876426,-0.9552353322505951,0.034259200000000004,0.014802946709096432,-0.000673514959635213,0.6291235089302063,810.88985252,,,
,,,660000,0.044287109375,0.6042866706848145,3.40544e-05,0.000100718025,,3220,0.0541247773100622,-0.9553320080041885,0.0340544,0.03241632506251335,-0.0006997095682891086,0.6287972331047058,,648.1,646.5278144,
268,323,2462,661504,,,,,825.29,,,,,,,,823.58665498,,,0.2384185791015625
269,324,2466,663552,0.01943359375,0.7768042087554932,3.384960000000001e-05,8.327652e-05,827.96,3230,0.0011347043786372525,-0.9549453668296337,0.03384960000000001,-0.000298725557513535,-0.00048239773022942247,0.6287750601768494,826.2555302800001,,,
269,325,2470,665600,0.09541015625,0.4075812101364136,3.364479999999999e-05,0.00018422183,830.06,3240,0.05045365953119472,-0.9557262092828751,0.0336448,0.03880715370178223,-0.0005515766504686325,0.6298065781593323,828.3657069100002,,,
269,326,2474,667648,0.043212890625,-3.15472412109375,3.3440000000000005e-05,8.40358e-05,830.06,3250,0.0024508213988156057,-0.9567144408822059,0.03344000000000001,-0.0003476073034107685,-0.0006861555360956117,0.6298590898513794,828.3649234700001,,,
270,327,2478,669696,0.034375,-5.6547746658325195,3.32352e-05,0.00012534161,832.81,3260,0.005256560072302819,-0.9559885524213314,0.033235200000000006,6.916164420545101e-05,-0.0007745089125819505,0.6287775635719299,831.1334241700001,,,
270,328,2483,671744,0.022998046875,-0.8926182985305786,3.30304e-05,9.564181e-05,826.89,3270,0.007250127999577671,-0.9550668179988862,0.0330304,0.0012304834090173244,-0.0007647832244401798,0.6289678812026978,825.18702907,,,
270,329,2487,673792,0.0587890625,0.5436276197433472,3.28256e-05,0.0001952302,827.25,3280,0.0458214116981253,-0.9551636531949044,0.032825599999999996,0.013493362814188004,-0.0009592236485332251,0.62876957654953,825.5745102400001,,,
271,330,2492,675840,0.023486328125,-2.030019521713257,3.262080000000001e-05,7.382613e-05,828.06,3290,0.004732088986202143,-0.9545369163155556,0.032620800000000005,0.0011077405652031302,-0.0006991865608142689,0.6281792521476746,826.3963420299998,,,
271,331,2496,677888,0.039208984375,0.7147605419158936,3.2415999999999996e-05,8.509969e-05,831.15,3300,0.039967262838035825,-0.9541747741401195,0.032416,0.02593746781349182,-0.000604795099934563,0.6285535097122192,829.4965711899999,,,
271,332,2500,679936,0.02392578125,0.43588191270828247,3.2211199999999994e-05,8.970818e-05,824.71,3310,0.05574635862722062,-0.9544000454246998,0.032211199999999995,0.005237343721091747,-0.0003057606401853263,0.6284276247024536,823.07019225,,,
,,,680000,0.0513671875,0.47393572330474854,3.2006400000000006e-05,0.0001642776,,3320,0.10041045900434256,-0.9543458506464958,0.032006400000000004,0.057521190494298935,-0.0005676069296896458,0.6283098459243774,,822.2,820.689042,
268,333,2540,681984,,,,,822.67,,,,,,,,821.0057378800001,,,0.2384185791015625
268,334,2544,684032,0.024560546875,0.7738875150680542,3.1801600000000004e-05,9.178925e-05,825.6,3330,0.031659650296205655,-0.9544796094298362,0.0318016,0.015669751912355423,-0.0005500074359588325,0.6287076473236084,823.93690298,,,
269,335,2548,686080,0.03818359375,-0.21341431140899658,3.15968e-05,0.00011759122,815.63,3340,0.005233143040095456,-0.9547339342534542,0.03159680000000001,0.000763654476031661,-0.0009401640592841432,0.6284655928611755,813.95747233,,,
269,336,2552,688128,0.033740234375,0.5334693789482117,3.1392e-05,0.00015332976,815.63,3350,0.1389497172087431,-0.9545551232993603,0.031392,0.0812828540802002,-0.0006445433071348816,0.6286509037017822,813.95102944,,,
269,337,2556,690176,0.017041015625,0.7699436545372009,3.118720000000001e-05,7.791519e-05,817.37,3360,0.017136880580801518,-0.9541813485324383,0.031187200000000012,0.005657761357724667,-0.0009614970374968834,0.6277176737785339,815.64397146,,,
270,338,2560,692224,0.07431640625,0.8630302548408508,3.09824e-05,0.00016381084,815.68,3370,0.020329680223949254,-0.953579380363226,0.030982400000000007,0.007582937367260456,-0.0010105141351232304,0.6283454298973083,813.9350100300002,,,
270,339,2564,694272,0.04931640625,0.4977031350135803,3.077760000000001e-05,0.00011844646,824.38,3380,0.05333251316915266,-0.9550206676125527,0.030777600000000002,0.040152475237846375,-0.0006678143632598222,0.6292126774787903,822.6336486300002,,,
271,340,2568,696320,0.0203125,-2.420177698135376,3.0572800000000007e-05,6.213218e-05,824.07,3390,0.0017597089739865624,-0.9551633045077323,0.030572799999999997,0.000900360057130456,-0.00042531605577096344,0.6283902525901794,822.3396462899999,,,
271,341,2573,698368,0.1052734375,0.5267531871795654,3.036799999999999e-05,0.00020048875,824.07,3400,0.05177102624438703,-0.9544818177819252,0.030367999999999992,0.01426080521196127,-0.0007305025195819326,0.6286636590957642,822.34101594,,,
,,,700000,0.042138671875,0.7931778430938721,3.0163200000000003e-05,8.208137e-05,,3410,0.004793269484071061,-0.954622732102871,0.0301632,-0.0006188172264955938,-0.0009614403577870689,0.628453254699707,,814.2,812.5767274,
268,342,2610,700416,,,,,820.72,,,,,,,,818.97357979,,,0.2384185791015625
268,343,2614,702464,0.053369140625,0.4886478781700134,2.99584e-05,0.000110021996,826.23,3420,0.10121975704096257,-0.9540776938199997,0.029958399999999996,0.06630881130695343,-0.0004261117457645014,0.627937912940979,824.4950566000001,,,
269,344,2618,704512,0.114794921875,0.43511128425598145,2.97536e-05,0.0003091087,837.45,3430,0.06246749953133986,-0.9540125086903573,0.029753600000000005,0.03317487984895706,-0.0004971252346877009,0.6285382509231567,835.69183801,,,
269,345,2622,706560,0.019873046875,0.31625646352767944,2.9548799999999997e-05,4.8612623e-05,838.35,3440,0.06191944624297321,-0.954787639528513,0.0295488,0.01653631590306759,-0.0006556305455887923,0.6288291811943054,836.5932235100001,,,
269,346,2626,708608,0.025634765625,0.7521746158599854,2.934400000000001e-05,7.693759e-05,833.04,3450,0.06143052489496768,-0.9558093085885048,0.02934400000000001,0.0585147999227047,-0.0004480028001125902,0.6298398971557617,831.2810840500001,,,
270,347,2630,710656,0.06279296875,0.4180815815925598,2.9139199999999994e-05,0.00012238695,827.61,3460,0.05547514582285658,-0.956981860846281,0.029139200000000004,0.0013521267101168633,-0.0004824002186069265,0.6301833391189575,825.8686214699999,,,
270,348,2634,712704,0.103369140625,0.42562335729599,2.8934400000000005e-05,0.00016362214,824.58,3470,0.05849933971185237,-0.9573031969368457,0.028934400000000013,0.005403125658631325,-0.0009468525924603455,0.630332350730896,822.8393666400001,,,
270,349,2639,714752,0.087255859375,0.46344226598739624,2.8729600000000004e-05,0.00014715458,826.1,3480,0.05962554275756702,-0.9579522617161274,0.028729600000000008,0.0044491905719041824,-0.0005142810477991588,0.6310239434242249,824.3601392100002,,,
271,350,2643,716800,0.04697265625,0.5022646188735962,2.8524800000000002e-05,0.00010849217,821.66,3490,0.04821226593921892,-0.9588573589920998,0.028524800000000003,0.023674950003623962,-0.0004331908625317737,0.6314242482185364,819.9293808300004,,,
271,351,2647,718848,0.049072265625,0.42758405208587646,2.832e-05,9.1084075e-05,828.43,3500,0.0602118062088266,-0.959169402718544,0.028319999999999998,0.0169643796980381,-0.0006042083230568096,0.6313936710357666,826.67708488,,,
,,,720000,0.0251953125,0.5000442266464233,2.8115199999999998e-05,6.29328e-05,,3510,0.0424432382453233,-0.9592980533838272,0.028115199999999993,0.021709062159061432,-0.00044645901070907714,0.6317121386528015,,670.8,669.4938291000001,
269,352,2678,720896,,,,,823.36,,,,,,,,821.6228895200001,,,0.2384185791015625
269,353,2682,722944,0.048486328125,0.4330073595046997,2.791040000000001e-05,6.255685e-05,824.73,3520,0.10666041281074286,-0.9595368079841137,0.027910400000000002,0.03425472974777222,-0.0005270858207950368,0.6315538883209229,822.9774544999999,,,
269,354,2686,724992,0.04208984375,0.4049399495124817,2.7705599999999994e-05,0.00010190945,824.73,3530,0.11205729679204524,-0.9594361655414104,0.027705599999999997,0.05869482830166817,-0.0005981209513265639,0.6316642761230469,822.9541853899999,,,
270,355,2691,727040,0.016748046875,0.5655386447906494,2.7500800000000006e-05,4.5211287e-05,827.1,3540,0.001585676252580015,-0.9591613978147506,0.027500800000000006,0.00017866725102066994,-0.0004102595354197547,0.6310877203941345,825.3310446400001,,,
270,356,2695,729088,0.079052734375,-1.6273338794708252,2.7296000000000004e-05,0.00011670208,818.74,3550,0.010977478048880584,-0.9584049001336098,0.027296,0.0030529305804520845,-0.0008102420018985867,0.630944550037384,816.9763426599999,,,
270,357,2698,731136,0.062548828125,0.4528180956840515,2.7091200000000002e-05,0.00012610758,818.74,3560,0.046375584043562415,-0.9585296757519245,0.02709120000000001,0.016903508454561234,-0.0004119925200939178,0.6310151815414429,816.9797870399997,,,
271,358,2702,733184,0.057275390625,-5.6804280281066895,2.68864e-05,9.5226496e-05,824.12,3570,0.004890738858375698,-0.9583130314946174,0.026886400000000005,0.0013712220825254917,-0.0006556395790539681,0.6308636665344238,822.3797624399999,,,
271,359,2706,735232,0.03994140625,-0.49946439266204834,2.6681600000000012e-05,0.00010839802,826.54,3580,0.016101993387565017,-0.9578647792339325,0.026681600000000014,0.004792465828359127,-0.0006280730216531083,0.6302394866943359,824.80390472,,,
272,360,2710,737280,0.0423828125,0.5466259717941284,2.6476799999999997e-05,0.000104124,828.19,3590,0.0020391574609675443,-0.9572747841477394,0.02647680000000001,0.0019409533124417067,-0.0005845140098244883,0.630265474319458,826.4684793700002,,,
272,361,2714,739328,0.02822265625,0.3966716527938843,2.6271999999999995e-05,6.505879e-05,819.49,3600,0.055130135611398144,-0.9574055068194867,0.026272000000000004,0.00506325950846076,-0.0004175152396783233,0.6303884983062744,817.75990654,,,
,,,740000,0.083251953125,0.48743510246276855,2.6067200000000007e-05,0.00014100788,,3610,0.10321506718173623,-0.9576602078974247,0.0260672,0.04649079218506813,-0.0006061342603061349,0.6306232213973999,,749.8,748.1694008000001,
269,362,2748,741376,,,,,826.39,,,,,,,,824.6540749100002,,,0.2384185791015625
270,363,2752,743424,0.0416015625,-2.8437275886535645,2.586239999999999e-05,5.673457e-05,834.04,3620,0.011243787364219316,-0.9575645729899407,0.025862399999999994,0.004538823384791613,-0.000888987431244459,0.6300933957099915,832.2888698400001,,,
270,364,2756,745472,0.035302734375,0.42596834897994995,2.5657600000000003e-05,5.530764e-05,834.04,3630,0.05073103194590658,-0.9571191251277924,0.025657600000000003,0.010596880689263344,-0.0006509137150715105,0.6302976608276367,832.3255576600001,,,
270,365,2760,747520,0.07734375,0.5021916627883911,2.54528e-05,0.00011025998,832.68,3640,0.043351803440600634,-0.957659126073122,0.025452799999999998,0.016967227682471275,-0.0007196084246970713,0.630646824836731,830.9600861699998,,,
271,366,2764,749568,0.032373046875,0.9795730113983154,2.5248e-05,6.953611e-05,832.68,3650,0.0013175038249755744,-0.9581824734807014,0.025248000000000007,5.052122287452221e-05,-0.00036237103631719947,0.6308308839797974,830.9620047799998,,,
271,367,2767,751616,0.018798828125,-1.0345492362976074,2.5043199999999998e-05,4.6362227e-05,832.68,3660,0.010225015447940678,-0.9578381821513176,0.0250432,0.005275547504425049,-0.0005431468773167581,0.6302677392959595,830.9597306999999,,,
271,368,2771,753664,0.03486328125,-0.974205732345581,2.483840000000001e-05,6.8664944e-05,820.27,3670,0.010443720227340237,-0.956902927160263,0.02483840000000001,0.007707792334258556,-0.0007861657795729116,0.6297085881233215,818.56249058,,,
272,369,2775,755712,0.062646484375,0.6336770057678223,2.4633600000000008e-05,0.00010964296,814.59,3680,0.14997910959646105,-0.956422396749258,0.024633600000000005,0.048493869602680206,-0.0006501293100882322,0.6297861337661743,812.8823387799999,,,
272,370,2779,757760,0.05712890625,0.618213951587677,2.4428799999999992e-05,7.474996e-05,818.97,3690,0.058571825199760494,-0.956327960640192,0.0244288,0.014590325765311718,-0.0006057934311684221,0.6294004917144775,817.2490953100001,,,
272,371,2783,759808,0.037646484375,0.8225647807121277,2.4224000000000004e-05,6.928941e-05,811.57,3700,0.01868057643296197,-0.9558082275092602,0.024223999999999996,0.003766704350709915,-0.0006324199523078278,0.629255473613739,809.8305912800001,,,
,,,760000,0.045947265625,0.5219752788543701,2.4019200000000002e-05,8.586714e-05,,3710,0.15941785634495317,-0.9556062981486321,0.02401919999999999,0.04153149574995041,-0.0005175133657758125,0.6291395425796509,,945.7,943.7325963,
269,372,2825,761856,,,,,793.99,,,,,,,,792.26115864,,,0.2384185791015625
270,373,2829,763904,0.026318359375,0.4464868903160095,2.38144e-05,2.84759e-05,778.54,3720,0.19831647858954965,-0.955558805167675,0.0238144,0.0942375585436821,-0.0003250613604905084,0.6292294263839722,776.8375345100001,,,
270,374,2832,765952,0.03828125,0.47965067625045776,2.36096e-05,5.5237964e-05,773.75,3730,0.13934397622942923,-0.9564751632511616,0.023609599999999994,0.040014591068029404,-0.0005382052826462313,0.6303444504737854,772.1037590999999,,,
270,375,2836,768000,0.017626953125,0.46834689378738403,2.340480000000001e-05,2.3350789e-05,762.49,3740,0.2478893853724003,-0.9577643744647503,0.023404800000000003,0.12875741720199585,-0.00019305378082208336,0.6306785345077515,760.8545796100001,,,
271,376,2840,770048,0.055908203125,0.49099135398864746,2.3199999999999995e-05,5.9466285e-05,749.64,3750,0.10886818934231997,-0.9583633951842785,0.0232,0.040080614387989044,-0.0005093933606985957,0.6312429308891296,747.98911587,,,
271,377,2844,772096,0.0578125,0.6391440629959106,2.2995200000000006e-05,8.79062e-05,745.61,3760,0.09481707888189703,-0.9595199339091778,0.022995200000000007,0.026173744350671768,-0.0005009251122828573,0.6320579648017883,743.9001450999999,,,
271,378,2848,774144,0.032666015625,0.7550778388977051,2.2790400000000005e-05,5.0821443e-05,738.21,3770,0.0825022857869044,-0.9604433260858058,0.022790400000000002,0.028056228533387184,-0.0004043814798933454,0.6323298811912537,736.53904526,,,
272,379,2852,776192,0.031396484375,0.5046141743659973,2.258559999999999e-05,6.2647916e-05,739.1,3780,0.09865078839939087,-0.9608144976198674,0.022585599999999997,0.07163222879171371,-0.00012778135715052485,0.6325752139091492,737.42468607,,,
272,380,2856,778240,0.05087890625,0.2645959258079529,2.23808e-05,5.5157507e-05,735.75,3790,0.06342291063629091,-0.9614018499851227,0.022380800000000006,0.03668289631605148,-0.00040312895143870266,0.6331244707107544,734.09777806,,,
,,,780000,0.03330078125,0.4749261736869812,2.2176e-05,5.1658848e-05,,3800,0.09754865949507803,-0.9621096707880497,0.022176,0.018330242484807968,-0.00022501636995002626,0.6334203481674194,,671.7,670.3846848999999,
270,381,2886,780288,,,,,731.74,,,,,,,,730.08127923,,,0.2980232238769531
270,382,2891,782336,0.094287109375,0.39370888471603394,2.1971199999999997e-05,0.00011083376,732.97,3810,0.11246344363316893,-0.962239146232605,0.021971199999999996,0.06816388666629791,-0.00048164220788748935,0.6333041787147522,731.2728048200001,,,
270,383,2896,784384,0.043994140625,0.4363194704055786,2.1766399999999995e-05,4.432829e-05,728.48,3820,0.09821141301654279,-0.9625339530408382,0.02176639999999999,0.03685586899518967,-0.0004935569813824259,0.6338865160942078,726.80134378,,,
271,384,2901,786432,0.027294921875,0.4807273745536804,2.1561600000000007e-05,7.0436625e-05,733.79,3830,0.0962197489803657,-0.9634075708687305,0.0215616,0.06661969423294067,-0.0002544025715906173,0.6342689990997314,732.1099447400001,,,
271,385,2906,788480,0.04775390625,-2.4312357902526855,2.1356800000000005e-05,5.0298113e-05,734.31,3840,0.011116734248935245,-0.9635400839149952,0.021356799999999995,0.005640499759465456,-0.0005099810019601137,0.63407301902771,732.6186597,,,
271,386,2911,790528,0.045458984375,0.46040022373199463,2.1152000000000003e-05,5.2878546e-05,722.56,3850,0.05171899230917916,-0.9635328866541386,0.021152000000000004,0.03227994963526726,-0.00038694360409863293,0.6343953013420105,720.85825436,,,
271,387,2916,792576,0.0337890625,0.5692822933197021,2.09472e-05,4.4162443e-05,719.3,3860,0.09218249663244933,-0.9641116112470627,0.0209472,0.0265848059207201,-0.0004746010425151326,0.6347606182098389,717.6035090900001,,,
272,388,2921,794624,0.041064453125,0.4517626166343689,2.07424e-05,4.009696e-05,723.66,3870,0.06296876496635377,-0.964837945252657,0.020742400000000008,0.0337400957942009,-0.0004898395840427838,0.6352832317352295,721.9736337000002,,,
272,389,2926,796672,0.04365234375,0.2931315302848816,2.0537599999999998e-05,6.0773033e-05,736.18,3880,0.04921763148740865,-0.9657571405172348,0.020537600000000003,0.013244385831058025,-0.00026976784283760935,0.6359463334083557,734.4775442000001,,,
272,390,2931,798720,0.052294921875,0.6331205368041992,2.0332799999999996e-05,5.501001e-05,731.83,3890,0.04691542296204716,-0.9660856179893017,0.020332799999999998,0.020338110625743866,-0.00046961503394413737,0.6356220841407776,730.16166251,,,
,,,800000,0.024462890625,0.4638698697090149,2.0128000000000008e-05,2.5665053e-05,,3900,0.008929679317225237,-0.9658464141190052,0.020128000000000007,0.01188928447663784,-0.0004770469167851843,0.6357154250144958,,605.2,603.5614445,
270,391,2960,800768,,,,,729.2,,,,,,,,727.52530614,,,0.2980232238769531
270,392,2965,802816,0.101953125,0.5028091669082642,1.9923199999999992e-05,0.000103067636,722.31,3910,0.09642886809888296,-0.9660734750330449,0.019923200000000002,0.062133416533470154,-0.0006724706036038697,0.6359211206436157,720.6332085999999,,,
270,393,2970,804864,0.04033203125,0.635469913482666,1.9718400000000004e-05,4.8190064e-05,710.32,3920,0.08473846106790006,-0.9665538474917412,0.019718399999999997,0.0610048808157444,-0.00045817187055945395,0.6363095641136169,708.6462187000001,,,
271,394,2975,806912,0.047412109375,0.48757386207580566,1.9513600000000002e-05,3.4497338e-05,696.45,3930,0.10397712932899594,-0.9668247573077678,0.019513599999999992,0.04473276436328888,-0.00020092857303097845,0.6362165808677673,694.7980749500001,,,
271,395,2981,808960,0.06337890625,0.4406569004058838,1.93088e-05,6.6711465e-05,691.72,3940,0.19559307787567376,-0.9670147784054279,0.0193088,0.12965412437915802,-0.0005558516175369732,0.6366952061653137,690.0562691199999,,,
271,396,2986,811008,0.057373046875,0.45448124408721924,1.9104e-05,5.930735e-05,688.53,3950,0.1374113719910383,-0.9673794813454151,0.019103999999999996,0.09394355118274689,-0.0006262000213610008,0.6364755034446716,686.87392125,,,
271,397,2991,813056,0.045849609375,0.7097826600074768,1.889920000000001e-05,5.2961143e-05,689.34,3960,0.03381511002080515,-0.9673997156322003,0.018899200000000005,0.017609918490052223,-0.00042959428537869826,0.6369293332099915,687.6887674800001,,,
271,398,2997,815104,0.0126953125,-1.6956911087036133,1.8694399999999995e-05,2.3115746e-05,696.44,3970,0.003174926278006751,-0.9678845345973969,0.0186944,0.0009895104449242353,-0.0002037966129137203,0.6369154453277588,694.7943639800001,,,
272,399,3002,817152,0.02822265625,0.07370269298553467,1.8489599999999993e-05,2.9204646e-05,695.1,3980,0.0034226931078592316,-0.9676334917545318,0.018489599999999995,-0.00030497717671096325,-0.00035807997483061627,0.6366441249847412,693.4404492400001,,,
272,400,3007,819200,0.03896484375,0.6639012694358826,1.8284800000000005e-05,3.4802593e-05,695.1,3990,0.04260336116421968,-0.967288526147604,0.018284800000000004,0.011204871349036694,-0.00034254083584528416,0.6365290284156799,693.4430303900001,,,
,,,820000,0.049658203125,0.1693224310874939,1.8080000000000003e-05,4.387561e-05,,4000,0.010512934930738993,-0.9671295881271362,0.01808,0.0021712195593863726,-0.0005287961103022099,0.6363970637321472,,805.7,804.0253026,
269,401,3046,821248,,,,,692.9,,,,,,,,691.18549119,,,0.2980232238769531
269,402,3051,823296,0.045166015625,0.4219372868537903,1.78752e-05,4.867169e-05,694.83,4010,0.055267694708891216,-0.9671804055571556,0.017875200000000008,0.010191164910793304,-0.0006398810801329091,0.636620819568634,693.11198267,,,
269,403,3056,825344,0.040185546875,-0.0307387113571167,1.76704e-05,3.4691082e-05,708.37,4020,0.018233226676238702,-0.9671768806874752,0.017670400000000003,0.006084593012928963,-0.00031436769204447047,0.6363347172737122,706.64012393,,,
270,404,3062,827392,0.0556640625,0.3441792130470276,1.7465599999999998e-05,6.14732e-05,708.37,4030,0.06006213744403795,-0.9668722778558732,0.017465599999999998,0.023871328681707382,-0.00029107455047778786,0.6363184452056885,706.64012393,,,
270,405,3067,829440,0.029736328125,0.2616119980812073,1.7260799999999996e-05,2.9996852e-05,718.29,4040,0.011357746532303281,-0.9667580060660839,0.017260799999999993,0.005401149857789278,-0.0006079784594476223,0.636073112487793,716.5733288900001,,,
270,406,3072,831488,0.04638671875,-2.088524103164673,1.7056000000000007e-05,2.9997129e-05,718.29,4050,0.002097084755951073,-0.9662947118282318,0.017056,0.0013666828162968159,-0.0003348894329974428,0.6358304619789124,716.5982557700002,,,
270,407,3078,833536,0.02041015625,-2.791410207748413,1.6851200000000006e-05,3.1700125e-05,726.03,4060,0.00307806385535514,-0.9659262903034687,0.016851199999999997,0.0015454860404133797,-0.0004567566516925581,0.6355689167976379,724.35898986,,,
271,408,3083,835584,0.0369140625,0.7171279191970825,1.664639999999999e-05,1.6319565e-05,734.98,4070,0.03879489647224545,-0.9656356528401375,0.016646399999999992,0.015459427610039711,-0.0003548028857039753,0.6355671882629395,733.30828901,,,
271,409,3088,837632,0.045654296875,0.7645434141159058,1.6441600000000002e-05,2.3444896e-05,739.97,4080,0.03639920197892934,-0.9659675180912017,0.0164416,0.010287078097462654,-0.00028935316513525324,0.6359473466873169,738.27670141,,,
271,410,3093,839680,0.0078125,0.6480700969696045,1.62368e-05,1.2289369e-05,741.54,4090,0.07830948310438543,-0.9662744045257569,0.016236799999999996,0.02848128415644169,-0.00015678147901780902,0.6358535885810852,739.8438825200001,,,
,,,840000,0.0474609375,-1.3736774921417236,1.6031999999999998e-05,3.4465847e-05,,4100,0.011066532833501697,-0.9660339504480362,0.016032000000000005,0.004219808150082827,-0.000540372243267484,0.6356812119483948,,720.8,719.33675,
269,411,3128,841728,,,,,749.09,,,,,,,,747.3753551900002,,,0.2980232238769531
269,412,3134,843776,0.067578125,0.5262827277183533,1.5827199999999996e-05,3.4443816e-05,758.92,4110,0.09764411232899875,-0.9661147251725197,0.0158272,0.04726392403244972,-0.00024296084011439235,0.6359988451004028,757.1900134699999,,,
269,413,3139,845824,0.0544921875,0.48358142375946045,1.5622400000000008e-05,4.4828746e-05,762.17,4120,0.1599053299985826,-0.9665018923580646,0.015622400000000009,0.055806584656238556,-0.0005202672917221207,0.6361857056617737,760.4467867300002,,,
269,414,3144,847872,0.075,0.48595374822616577,1.5417599999999993e-05,3.508426e-05,764.63,4130,0.04655648523475975,-0.9669364586472511,0.015417600000000004,0.04239250719547272,-0.0004924678709357977,0.6365258097648621,762.93960033,,,
269,415,3150,849920,0.047412109375,0.44116145372390747,1.5212800000000005e-05,3.8700804e-05,772.51,4140,0.06002298624953255,-0.9676647141575814,0.015212799999999999,0.06072918325662613,-0.00019422761688474565,0.6371408104896545,770.82063616,,,
270,416,3155,851968,0.033740234375,-1.0192234516143799,1.5008000000000003e-05,1.6925653e-05,783.26,4150,0.004640878029749729,-0.9682520806789399,0.015007999999999994,0.0011173334205523133,-0.00029615284147439526,0.6371228098869324,781.5976895700002,,,
270,417,3160,854016,0.007177734375,0.527837872505188,1.48032e-05,9.722135e-06,781.24,4160,0.0013865129854821133,-0.9678199529647827,0.014803200000000002,0.00037268485175445676,-0.00010560334485489875,0.6367259621620178,779.57448075,,,
270,418,3165,856064,0.03818359375,0.52797931432724,1.4598399999999999e-05,2.3807777e-05,770.58,4170,0.19900058419443667,-0.9677022248506546,0.014598399999999997,0.12503817677497864,-0.0002408377346000634,0.6370484828948975,768.9163615300001,,,
270,419,3170,858112,0.027197265625,0.5774520635604858,1.4393599999999997e-05,1.4784746e-05,780.55,4180,0.061637827998492864,-0.9680787235498428,0.014393599999999993,0.051196854561567307,-0.00019767943012993783,0.6370729207992554,778.8654014900001,,,
,,,860000,0.0365234375,-2.3392388820648193,1.4188799999999995e-05,1.5145779e-05,,4190,0.015162949051591568,-0.9680372923612595,0.014188800000000001,0.00630460400134325,-0.0006065923589630984,0.6370042562484741,,785.7,783.8154176,
268,420,3207,860160,,,,,775.77,,,,,,,,774.1181121499999,,,0.2980232238769531
268,421,3212,862208,0.06064453125,0.271945595741272,1.3983999999999994e-05,3.0245108e-05,783.03,4200,0.05843700687400997,-0.9682468488812447,0.013983999999999996,0.027611728757619858,-0.0004559182649245486,0.6374027729034424,781.3787407900002,,,
268,422,3218,864256,0.064013671875,0.447801411151886,1.3779200000000005e-05,4.348805e-05,783.03,4210,0.05408683825517073,-0.9687628760933876,0.013779200000000005,0.020810363814234734,-0.00019759116403292865,0.6376039981842041,781.3858722700002,,,
268,423,3223,866304,0.04130859375,-4.714835166931152,1.3574400000000003e-05,2.380948e-05,778.72,4220,0.003868519417301286,-0.9689098618924618,0.0135744,0.0007811050163581967,-0.0004681351114413701,0.6375632286071777,777.08622362,,,
268,424,3228,868352,0.020751953125,0.47325021028518677,1.3369600000000002e-05,1.2142249e-05,786.0,4230,0.11145280986092984,-0.9688986852765084,0.01336960000000001,0.041075583547353745,-5.962278810329735e-05,0.6376675963401794,784.3615034200001,,,
269,425,3233,870400,0.044140625,0.45613497495651245,1.31648e-05,2.3972374e-05,778.95,4240,0.11179243889637291,-0.9689607605338096,0.013164800000000004,0.0497593991458416,-0.00029285363852977754,0.6376228332519531,777.3113214399999,,,
269,426,3238,872448,0.0294921875,0.4609529376029968,1.2960000000000011e-05,1.8421953e-05,771.45,4250,0.14757071444764733,-0.9692155353724956,0.01296,0.07417222112417221,-0.0003170212876284495,0.6380995512008667,769.7947396999999,,,
269,427,3244,874496,0.07880859375,0.6192691326141357,1.2755199999999996e-05,3.398105e-05,767.81,4260,0.08597928658127785,-0.9699268214404583,0.012755199999999994,0.05267312005162239,-0.00036390864406712355,0.6383894085884094,766.1788413800001,,,
269,428,3249,876544,0.097412109375,0.4621533751487732,1.2550399999999994e-05,3.4044613e-05,774.86,4270,0.04998605400905944,-0.9701724663376808,0.01255039999999999,0.01247535739094019,-0.00019694452930707484,0.6384063363075256,773.2075184700001,,,
269,429,3254,878592,0.034716796875,0.5009804964065552,1.2345600000000006e-05,1.6274702e-05,774.86,4280,0.049701528158038855,-0.9700895890593528,0.012345599999999998,0.02150452882051468,-0.0003854289432638325,0.6383478045463562,773.20150583,,,
,,,880000,0.0291015625,0.006663680076599121,1.214079999999999e-05,1.02633785e-05,,4290,0.020867414824897422,-0.9701526142656803,0.012140799999999993,0.006411975249648094,-0.00030337474890984595,0.6384484767913818,,746.0,744.7082921,
267,430,3289,880640,,,,,765.71,,,,,,,,764.0046833199999,,,0.2980232238769531
267,431,3294,882688,0.051513671875,0.46304023265838623,1.1936000000000002e-05,1.723769e-05,767.11,4300,0.1596580825280398,-0.9703380994498729,0.011936000000000002,0.0748462826013565,-0.0003142308385577053,0.6386641263961792,765.40192323,,,
268,432,3299,884736,0.09306640625,0.5250427722930908,1.17312e-05,3.480677e-05,782.88,4310,0.05621941356221214,-0.9706234365701676,0.011731199999999997,0.02582405135035515,-0.0002823281174642034,0.638761579990387,781.17318069,,,
268,433,3304,886784,0.055322265625,0.40818971395492554,1.1526399999999999e-05,1.4048492e-05,783.26,4320,0.060831001622136685,-0.9707380294799804,0.011526400000000006,0.02867639809846878,-0.00020512735936790706,0.6387671232223511,781.54861991,,,
268,434,3310,888832,0.08759765625,0.48536598682403564,1.1321599999999997e-05,2.6438778e-05,788.31,4330,0.08850621378514915,-0.9708042651414871,0.011321600000000001,0.037842635065317154,-0.00043393552768975494,0.6389204859733582,786.6164423600001,,,
268,435,3315,890880,0.044140625,-0.8115601539611816,1.1116800000000008e-05,1.4485195e-05,785.74,4340,0.005205835732340347,-0.9707937464118004,0.01111680000000001,0.0002289193798787892,-0.0004198456183075905,0.638694167137146,784.0559440300001,,,
268,436,3320,892928,0.13037109375,0.3901183605194092,1.0912000000000007e-05,2.5111658e-05,775.63,4350,0.06447031209245324,-0.9705728359520436,0.010912000000000005,0.012271294370293617,-0.0003354749467689544,0.6386864185333252,773.92135733,,,
269,437,3325,894976,0.024853515625,0.47994691133499146,1.0707199999999991e-05,1.1586919e-05,775.63,4360,0.11963240285404027,-0.9707943320274353,0.0107072,0.05023474991321564,-0.0001091023426852189,0.6389552354812622,773.92135733,,,
269,438,3330,897024,0.02451171875,-0.6495000123977661,1.0502400000000003e-05,1.2764896e-05,776.77,4370,0.015276542806532234,-0.9708671420812607,0.010502399999999995,0.01079188659787178,-0.00020246587228029967,0.638712465763092,775.08766246,,,
269,439,3335,899072,0.019287109375,0.47879254817962646,1.0297600000000001e-05,1.01582555e-05,779.7,4380,0.05187550769769587,-0.9707824245095253,0.01029759999999999,0.004770718514919281,-0.00017763550858944653,0.6389421224594116,778.01586522,,,
,,,900000,0.1140625,0.5130810737609863,1.00928e-05,2.483488e-05,,4390,0.05457092412689235,-0.9711063079535961,0.010092799999999999,0.019484510645270348,-0.0002836002138792537,0.6390505433082581,,835.1,833.6821365,
266,440,3376,901120,,,,,779.7,,,,,,,,778.0457800199998,,,0.2980232238769531
266,441,3382,903168,0.028369140625,-5.083718299865723,9.887999999999997e-06,8.053117e-06,772.17,4400,0.004288605382316746,-0.9709321744740009,0.009887999999999994,0.001590525615029037,-0.0002188361482694745,0.6387314796447754,770.5380018200001,,,
267,442,3388,905216,0.065869140625,0.4730781316757202,9.68320000000001e-06,9.50227e-06,763.07,4410,0.11392959321965464,-0.9707234919071197,0.009683200000000003,0.021323388442397118,-0.0001733587239868939,0.6388429403305054,761.4378594300001,,,
267,443,3394,907264,0.02861328125,0.4551404118537903,9.478399999999994e-06,6.9491507e-06,750.09,4420,0.1147449271287769,-0.9707596711814404,0.009478399999999998,0.028339650481939316,-0.00020495235221460462,0.6387237310409546,748.43427399,,,
267,444,3401,909312,0.025537109375,0.5338928699493408,9.273600000000006e-06,6.046408e-06,749.28,4430,0.10101128823589534,-0.9705867968499661,0.009273600000000007,0.06538166850805283,-0.00023791236453689634,0.6386433839797974,747.62162913,,,
267,445,3407,911360,0.034814453125,0.7594588398933411,9.068800000000004e-06,9.414041e-06,760.58,4440,0.03642292001459282,-0.9704619288444519,0.009068800000000002,0.010080570355057716,-0.00014294358261395245,0.6385747194290161,758.9422029499999,,,
267,446,3413,913408,0.0435546875,0.40069007873535156,8.864000000000002e-06,9.201074e-06,753.37,4450,0.05748386811465025,-0.9705647721886634,0.00886400000000001,0.006968997418880463,-0.00013039390469202772,0.6387749910354614,751.7314828299999,,,
267,447,3419,915456,0.054931640625,0.566265344619751,8.6592e-06,1.4726116e-05,753.37,4460,0.09054701360873878,-0.9707748115062713,0.008659200000000006,0.05080696940422058,-0.0001754369877744466,0.638821005821228,751.73472934,,,
267,448,3425,917504,0.044482421875,-2.049879312515259,8.454399999999998e-06,1.2532721e-05,754.24,4470,0.012721654877532273,-0.9707580603659153,0.0084544,0.004630650859326124,-0.0001556909177452326,0.6387452483177185,752.6014380399997,,,
267,449,3432,919552,0.127197265625,0.4733033776283264,8.249599999999996e-06,1.8283652e-05,759.05,4480,0.05439304322935641,-0.9708622075617314,0.008249599999999996,0.021745197474956512,-0.00022841033642180265,0.6389852166175842,757.4181946799998,,,
,,,920000,0.086865234375,0.550845742225647,8.044799999999995e-06,1.45353115e-05,,4490,0.10494543802924454,-0.9711304724216461,0.00804479999999999,0.090948186814785,-0.00026071741012856364,0.6390518546104431,,669.4,668.0757467999999,
266,450,3464,921600,,,,,759.05,,,,,,,,757.41817268,,,0.2980232238769531
266,451,3468,923648,0.012158203125,-2.6228749752044678,7.840000000000006e-06,3.9732986e-06,758.28,4500,0.006907043047249317,-0.9709875784814358,0.00784,0.0010995541233569384,-0.00022803170286351816,0.6388139128684998,756.6335044099999,,,
266,452,3472,925696,0.047998046875,0.7283847332000732,7.635200000000004e-06,7.8072335e-06,758.28,4510,0.043499290896579626,-0.9708410754799843,0.007635199999999995,0.03139277547597885,-0.0001602050120709464,0.6388992667198181,756.63027692,,,
266,453,3476,927744,0.042724609375,-2.0716054439544678,7.430400000000003e-06,6.4507913e-06,758.1,4520,0.011421093789977022,-0.9709157317876815,0.007430400000000004,0.005003385245800018,-0.0002089273519231938,0.6388552188873291,756.43386796,,,
267,454,3480,929792,0.028515625,0.3666219711303711,7.225600000000001e-06,4.6147325e-06,758.1,4530,0.056586212356342,-0.9709391131997108,0.007225599999999999,0.03235718607902527,-0.00011063222191296518,0.6389601826667786,756.43275412,,,
267,455,3483,931840,0.03515625,-12.59237289428711,7.020799999999999e-06,6.982984e-06,766.62,4540,0.0015872661060711835,-0.9711282633244991,0.007020800000000008,0.00022491550771519542,-0.00013348059146665037,0.6390790343284607,764.95519181,,,
267,456,3487,933888,0.053857421875,0.4522302746772766,6.815999999999997e-06,4.2358006e-06,757.42,4550,0.16610028631985188,-0.9712573803961277,0.006816000000000003,0.0789826288819313,-0.00011084400321124122,0.6391540765762329,755.7650432600001,,,
268,457,3492,935936,0.0416015625,0.659907877445221,6.611199999999995e-06,4.2820902e-06,755.89,4560,0.12663579266518354,-0.9714032292366028,0.006611199999999998,0.04057624191045761,-0.00014834566100034862,0.639258861541748,754.2279441000001,,,
268,458,3496,937984,0.0712890625,0.5971819162368774,6.406400000000007e-06,9.39524e-06,764.75,4570,0.05023434270988218,-0.9714408591389656,0.0064064000000000065,0.008999326266348362,-0.00011005070409737527,0.6391727924346924,763.08960191,,,
,,,940000,0.037890625,-0.2040538787841797,6.201599999999992e-06,4.4935005e-06,,4580,0.024312747863586993,-0.9712929591536522,0.0062016000000000016,0.010026621632277966,-0.0001835502262110822,0.6390609741210938,,778.6,776.7244858,
266,459,3530,940032,,,,,767.51,,,,,,,,765.83904047,,,0.2980232238769531
266,460,3536,942080,0.07060546875,0.5322545766830444,5.996800000000003e-06,7.2248804e-06,766.52,4590,0.05340612755389884,-0.971238049864769,0.005996799999999997,0.034902725368738174,-9.603495564078913e-05,0.6391670107841492,764.8493731299999,,,
266,461,3542,944128,0.040234375,0.5527617931365967,5.7920000000000015e-06,4.194342e-06,761.46,4600,0.043767859516083266,-0.9713997229933738,0.005791999999999992,0.004130202811211348,-0.00014747311070095748,0.6392295956611633,759.7912842899999,,,
266,462,3548,946176,0.066748046875,0.5593818426132202,5.5872e-06,3.8707076e-06,761.72,4610,0.1486300916876644,-0.9715380512177945,0.0055872000000000005,0.07935404777526855,-0.00011115138768218458,0.6393450498580933,760.06437036,,,
266,463,3554,948224,0.034423828125,0.4648705720901489,5.382399999999998e-06,2.8567301e-06,769.22,4620,0.06955641440581531,-0.9716507755219936,0.0053823999999999955,0.02698235958814621,-7.376247376669198e-05,0.6393834352493286,767.5498377199999,,,
266,464,3560,950272,0.03310546875,0.45837801694869995,5.1776000000000095e-06,2.9061775e-06,775.77,4630,0.05923875010339543,-0.9717479325830937,0.005177600000000004,0.014681869186460972,-8.082863532763441e-05,0.6394531726837158,774.1060421199999,,,
266,465,3566,952320,0.061083984375,0.515522301197052,4.972799999999994e-06,4.669666e-06,770.79,4640,0.05658866497105919,-0.9718286328017711,0.0049727999999999994,0.005341223441064358,-4.214546643197536e-05,0.6394937038421631,769.1253899800001,,,
267,466,3572,954368,0.038623046875,0.5623235702514648,4.767999999999992e-06,3.7046411e-06,770.57,4650,0.13166625509038568,-0.9719248056411743,0.0047679999999999945,0.11292608082294464,-0.00011968002654612064,0.6395816206932068,768.9256342099999,,,
267,467,3578,956416,0.07373046875,0.3714050054550171,4.563200000000004e-06,3.5607663e-06,772.24,4660,0.07106909188441932,-0.9719915352761745,0.004563200000000003,0.0378376729786396,-0.0001207359688123688,0.639568567276001,770.6172800000002,,,
267,468,3584,958464,0.073583984375,0.455979585647583,4.358400000000002e-06,2.7865171e-06,780.14,4670,0.06002192191081122,-0.971949053555727,0.004358399999999998,0.0619901567697525,-8.504560246365145e-05,0.6395367383956909,778.5080481099999,,,
,,,960000,0.0806640625,0.39552873373031616,4.1536e-06,2.588291e-06,,4680,0.11094203236280009,-0.9718559287488461,0.004153600000000007,0.042166054248809814,-6.356043377309106e-05,0.6394557356834412,,853.9,852.1966796,
264,469,3624,960512,,,,,783.95,,,,,,,,782.3165909,,,0.2980232238769531
265,470,3629,962560,0.059521484375,-0.5762754678726196,3.9487999999999985e-06,2.1826854e-06,779.66,4690,0.03381801696959883,-0.9717307753860951,0.003948800000000002,0.01611822284758091,-8.784740457485895e-05,0.6393656730651855,778.0163354199999,,,
265,471,3633,964608,0.067236328125,0.559023916721344,3.7439999999999967e-06,1.964945e-06,774.61,4700,0.14506627093069255,-0.9716629035770893,0.0037439999999999973,0.06622662395238876,-0.00010711830109357833,0.6393824815750122,772.9597232599999,,,
265,472,3636,966656,0.025146484375,0.6236289739608765,3.539199999999995e-06,9.77423e-07,762.04,4710,0.12352252849377691,-0.9717160396277904,0.0035391999999999924,0.04115528613328934,-5.9709695051424205e-05,0.6394170522689819,760.3773837599999,,,
266,473,3640,968704,0.03994140625,0.49081820249557495,3.3344000000000066e-06,1.2102246e-06,752.67,4720,0.13862064816057681,-0.9717614755034447,0.0033344000000000013,0.04290859401226044,-7.624129066243767e-05,0.6394530534744263,751.0275523199999,,,
266,474,3646,970752,0.073583984375,0.5482993125915527,3.1296000000000047e-06,1.1927186e-06,738.12,4730,0.17863004468381405,-0.9717966869473458,0.0031295999999999963,0.11073493957519531,-7.445638766512275e-05,0.6394588351249695,736.50102,,,
266,475,3652,972800,0.055126953125,0.49780595302581787,2.924800000000003e-06,1.7950952e-06,742.43,4740,0.09594028776045889,-0.9718063332140445,0.002924800000000005,0.056768082082271576,-3.277457144577056e-05,0.6394661068916321,740.8039013100001,,,
266,476,3659,974848,0.053369140625,-1.4424409866333008,2.720000000000001e-06,1.0755757e-06,736.87,4750,0.009173709352035075,-0.9718034565448761,0.00272,0.001317787216976285,-6.952322146389634e-05,0.639438271522522,735.21519037,,,
266,477,3665,976896,0.03017578125,0.4939364790916443,2.5151999999999992e-06,7.686176e-07,745.59,4760,0.05597924732719548,-0.9718169324100018,0.0025151999999999952,0.030118685215711594,-2.4684672825969756e-05,0.63950514793396,743.93834021,,,
266,478,3671,978944,0.02197265625,0.4246019124984741,2.3103999999999974e-06,3.9579754e-07,735.16,4770,0.05338085850235075,-0.97193723320961,0.002310400000000004,0.03439566120505333,-2.121314755640924e-05,0.6395768523216248,733.5156556599999,,,
,,,980000,0.034033203125,0.4981681704521179,2.1055999999999956e-06,5.5383134e-07,,4780,0.15496213366277517,-0.9720287546515465,0.002105599999999999,0.05731694772839546,-3.264206752646714e-05,0.6396270990371704,,549.3,547.8255265,
264,479,3702,980992,,,,,724.24,,,,,,,,722.60682132,,,0.2980232238769531
265,480,3708,983040,0.012646484375,0.4660676121711731,1.9008000000000073e-06,2.2778113e-07,724.24,4790,0.2626440651714802,-0.9720786213874817,0.001900800000000008,0.14151832461357117,-2.049135364359245e-05,0.6396406292915344,722.60682132,,,
265,481,3715,985088,0.01796875,-2.1920692920684814,1.6959999999999919e-06,2.8510112e-07,725.71,4800,0.006377063962281682,-0.9720922186970711,0.001696000000000003,0.001580853364430368,-4.1410178528167305e-05,0.6396430730819702,724.0715062199998,,,
265,482,3721,987136,0.06298828125,0.6125112175941467,1.4912000000000036e-06,3.6272104e-07,732.05,4810,0.08479982989374549,-0.9721047930419445,0.001491199999999998,0.03717721253633499,-5.633236432913691e-05,0.6396624445915222,730.4049472099999,,,
265,483,3727,989184,0.03916015625,0.41575145721435547,1.2864000000000018e-06,1.9076106e-07,729.82,4820,0.06822078042896465,-0.9721148788928986,0.001286399999999993,0.014505309984087944,-2.5397016725037246e-05,0.6396442651748657,728.1748295900001,,,
265,484,3733,991232,0.04931640625,0.5504489541053772,1.0816e-06,2.2944005e-07,729.67,4830,0.04604549452487845,-0.9721093088388443,0.001081600000000002,0.007349713705480099,-1.2517812865553424e-05,0.6396681070327759,728.02327861,,,
265,485,3739,993280,0.08583984375,0.43412649631500244,8.767999999999981e-07,1.4598481e-07,723.08,4840,0.051134676387300716,-0.9721460901200771,0.000876799999999997,0.015028414316475391,-2.8596924676094204e-05,0.6396863460540771,721.4420449400001,,,
265,486,3745,995328,0.0849609375,0.5771092176437378,6.719999999999963e-07,6.789924e-08,716.48,4850,0.13565941778942942,-0.972162389755249,0.000671999999999992,0.07837440818548203,-1.7056846991181375e-05,0.6396878361701965,714.8380889599998,,,
265,487,3752,997376,0.028466796875,0.5262259840965271,4.6719999999999444e-07,2.0838343e-08,725.16,4860,0.04971672401297837,-0.9721680298447609,0.00046720000000000095,0.02126089483499527,-7.864783401601017e-06,0.6396946907043457,723.5122547399999,,,
265,488,3758,999424,0.029736328125,-0.5125305652618408,2.623999999999926e-07,8.774805e-09,716.52,4870,0.008434851095080376,-0.9721735090017318,0.00026239999999999597,0.007199344225227833,-4.642942803911864e-06,0.639693021774292,714.8811420699999,,,
,,,1000000,0.043017578125,0.4624168276786804,5.760000000000433e-08,6.0972525e-09,,4880,0.03658506257925183,-0.9721718020737171,5.760000000000487e-05,0.008356933481991291,-1.5296493074856698e-06,0.6396933197975159,,449.6,448.1075548,
264,489,3782,1001472,,,,,711.42,,,,,,,,709.7736580699998,,,0.2980232238769531
