time/total_timesteps,time/fps,time/iterations,time/time_elapsed,rollout/ep_len_mean,rollout/ep_rew_mean,train/approx_kl,train/n_updates,train/entropy_loss,train/policy_gradient_loss,train/value_loss,train/learning_rate,train/std,train/loss,train/clip_fraction,train/clip_range,train/explained_variance,eval/mean_reward,eval/mean_ep_length,curriculum/start_tilt
2048,502,1,4,89.75,9.5356177,,,,,,,,,,,,,,
4096,510,2,8,100.57894736842105,10.862511789473686,0.0043926463,10,-1.4192932769656181,-0.003400132857495919,0.2526590622961521,0.00029969279999999995,1.0004584789276123,0.17230482399463654,0.02138671875,0.1997952,0.0896153450012207,,,
6144,500,3,12,113.9795918367347,11.770282836734694,0.0070607327,20,-1.414297303557396,-0.0036844392685452475,0.19213208705186843,0.0002993856,0.9913333654403687,0.06907196342945099,0.0548828125,0.1995904,0.6944317817687988,,,
8192,495,4,16,123.38709677419355,12.425859983870964,0.0060854703,30,-1.4054997101426125,-0.00783523746940773,0.13191151348873972,0.00029907839999999996,0.9810205101966858,0.03885771334171295,0.06884765625,0.19938560000000002,0.6798846125602722,,,
10240,489,5,20,123.7625,14.062444487499999,0.006049979,40,-1.393962998688221,-0.0065627896168734875,0.191588794067502,0.0002987712,0.9701281785964966,0.06352268159389496,0.0779296875,0.19918080000000002,0.6904672384262085,,,
12288,489,6,25,116.9,16.245319539999997,0.003737032,50,-1.3841756001114844,-0.004734910288243554,0.3222518278285861,0.00029846399999999997,0.9612818956375122,0.12950703501701355,0.034375,0.19897600000000001,0.7516083717346191,,,
14336,488,7,29,127.13,20.11910639,0.00646072,60,-1.377070416510105,-0.005087325471686199,0.47704927437007427,0.00029815679999999994,0.9579595327377319,0.18896551430225372,0.075927734375,0.1987712,0.6985800862312317,,,
16384,484,8,33,132.32,23.137783219999996,0.005927529,70,-1.377654641866684,-0.005500093306181952,0.21594124753028154,0.0002978496,0.9602485299110413,0.06800424307584763,0.063525390625,0.19856640000000003,0.7652368545532227,,,
18432,483,9,38,126.34,26.842566850000004,0.008048467,80,-1.3792807728052139,-0.006788317163591273,0.2340403851121664,0.0002975424,0.9620550870895386,0.07697555422782898,0.087841796875,0.19836160000000003,0.7733652591705322,,,
20000,,,,,,0.005541219,90,-1.3795964151620865,-0.005495332104328554,0.20735714314505457,0.0002972352,0.961555540561676,0.0793197900056839,0.04658203125,0.19815680000000002,0.8422824740409851,95.7982498,100.0,
20480,454,10,45,117.12,33.170753870000006,,,,,,,,,,,,,,0.05
22528,459,11,49,118.01,38.4343314,0.008245618,100,-1.378677822649479,-0.009049749496625736,0.20281372582539917,0.00029692799999999996,0.9615092873573303,0.08166566491127014,0.08505859375,0.19795200000000002,0.8600702881813049,,,
24576,462,12,53,129.16,46.79417793999999,0.008963481,110,-1.3728754192590713,-0.01249884522985667,0.11651594983413815,0.00029662079999999994,0.9492475986480713,0.03941086307168007,0.104833984375,0.1977472,0.9137941598892212,,,
26624,469,13,56,131.38,49.867485339999995,0.010091222,120,-1.361167921125889,-0.011558660573791712,0.10036029014736414,0.00029631359999999997,0.9406138062477112,0.03064178302884102,0.1001953125,0.1975424,0.9095923900604248,,,
28672,473,14,60,132.32,51.32466528,0.0074402355,130,-1.3528297051787377,-0.008570887296809816,0.05565163637511432,0.0002960064,0.9310294985771179,0.007102979347109795,0.059912109375,0.1973376,0.9273333549499512,,,
30720,473,15,64,154.79,74.56787416,0.008603431,140,-1.3334377899765968,-0.012747916177613661,0.032601757417432965,0.0002956992,0.9050401449203491,0.0003615599125623703,0.08740234375,0.1971328,0.9055859446525574,,,
32768,472,16,69,172.18,90.98523564000001,0.008645701,150,-1.305035787820816,-0.015198319288901984,0.013374178227968514,0.00029539199999999995,0.8811715841293335,-0.010253475978970528,0.10791015625,0.196928,0.9570817947387695,,,
34816,470,17,73,190.35,107.33812042000001,0.0027062946,160,-1.283284518122673,-0.005958749173441902,0.015803739812690766,0.0002950848,0.8644733428955078,-0.01677326299250126,0.01640625,0.19672320000000001,0.9490665197372437,,,
36864,471,18,78,199.67,114.69262830000001,0.003465884,170,-1.2644200876355172,-0.007315051287878305,0.012344967544777319,0.00029477759999999996,0.8486087918281555,-0.0010049124248325825,0.03203125,0.1965184,0.9626969695091248,,,
38912,473,19,82,225.84,138.03812713000002,0.0044015907,180,-1.2401993364095687,-0.006855832779547199,0.00457079921325203,0.0002944704,0.8239240050315857,-0.01151615846902132,0.033837890625,0.1963136,-0.47687578201293945,,,
40000,,,,,,0.0061735823,190,-1.2148796066641807,-0.009858329890994355,0.004629526086500846,0.00029416319999999997,0.8095120787620544,-0.018091943114995956,0.063134765625,0.1961088,0.9838912487030029,999.7046508000001,1000.0,
40960,361,20,113,235.4,146.45490423,,,,,,,,,,,,,,0.05
43008,367,21,117,260.7,171.08713973000002,0.003232423,200,-1.1964783772826195,-0.00455904480186291,0.001977345984778367,0.00029385599999999995,0.7911697626113892,-0.003111497964709997,0.022021484375,0.195904,-1.955148458480835,,,
45056,372,22,121,277.82,188.49870007,0.0027593863,210,-1.1787531048059463,-0.0042074534358107485,0.004895688616670668,0.0002935488,0.7825378179550171,-0.006372000090777874,0.023046875,0.19569920000000002,0.8702037334442139,,,
47104,377,23,124,290.9,204.82151569,0.0061779837,220,-1.161092573404312,-0.006644883260014467,0.001520600469666533,0.00029324159999999995,0.7621279954910278,-0.007580427452921867,0.0513671875,0.1954944,-0.7117713689804077,,,
49152,380,24,129,308.18,221.49449285,0.0053228852,230,-1.1400435149669648,-0.005476468981942162,0.0028203789093822706,0.0002929344,0.7524754405021667,-0.015998050570487976,0.047802734375,0.1952896,0.9640750885009766,,,
51200,381,25,134,324.16,236.85165474000001,0.005539668,240,-1.1221220448613167,-0.006206718209432438,0.0008549670266802423,0.00029262719999999996,0.7342275381088257,-0.008979723788797855,0.052099609375,0.1950848,-0.22799062728881836,,,
53248,384,26,138,341.26,253.13963517,0.0014110565,250,-1.106083630025387,-0.0061932779150083665,0.008216493051440921,0.00029232,0.7296054363250732,-0.020552730187773705,0.01279296875,0.19488000000000003,0.9566344618797302,,,
55296,386,27,142,358.33,270.1075735,0.004274997,260,-1.094739566743374,-0.00899509349546861,0.0009763551890500822,0.00029201279999999997,0.7144213914871216,-0.004870439413934946,0.037890625,0.19467520000000002,0.9855392575263977,,,
57344,389,28,147,372.52,286.9779142,0.0017827484,270,-1.0773311749100685,-0.003922675141802756,0.001582556651555933,0.00029170559999999995,0.7075213193893433,-0.003631625324487686,0.013671875,0.19447040000000002,0.9362488389015198,,,
59392,391,29,151,390.55,302.92210632999996,0.003855303,280,-1.0672174245119095,-0.005390165073913522,0.0034491971935494805,0.0002913984,0.6999984979629517,-0.0009038248099386692,0.0361328125,0.1942656,0.9811730980873108,,,
60000,,,,,,0.003257085,290,-1.0512246504426002,-0.0073411289777141064,0.0006246252560231369,0.0002910912,0.683833122253418,-0.01134426984935999,0.016943359375,0.19406080000000003,0.9905519485473633,999.8555473,1000.0,
61440,336,30,182,406.85,318.19397886,,,,,,,,,,,,,,0.057499999999999996
63488,341,31,186,423.66,333.99771198,0.0038717887,300,-1.035296155512333,-0.0024688044941285625,0.002015122952434467,0.000290784,0.6802145838737488,-0.002338038757443428,0.03974609375,0.19385600000000003,0.9916883111000061,,,
65536,344,32,190,439.21,349.85834971,0.0030043586,310,-1.0244661211967467,-0.004083260052721016,0.0003962529412092408,0.00029047679999999996,0.6661550402641296,-0.0018419685075059533,0.02919921875,0.19365120000000002,0.9952746033668518,,,
67584,348,33,193,450.36,361.4341139500001,0.0043435805,320,-1.0070404917001725,-0.010678316751727835,0.0013375156780966791,0.0002901696,0.659134566783905,-0.009956649504601955,0.035595703125,0.19344640000000002,0.9855719208717346,,,
69632,352,34,197,450.36,361.4341139500001,0.0038009677,330,-1.0014751970767974,-0.005132482878980227,0.004347792609769386,0.00028986239999999997,0.6594305634498596,-0.004375426098704338,0.03076171875,0.1932416,0.9921756386756897,,,
71680,355,35,201,486.67,395.94758707999995,0.007210273,340,-0.9903972439467907,-0.010196658212225884,0.0002043478441919433,0.0002895552,0.6424142122268677,-0.010325632058084011,0.085498046875,0.1930368,-0.8219559192657471,,,
73728,359,36,205,486.14,395.95136888,0.0024139169,350,-0.9642697110772133,-0.005384473694721237,0.00033543849112902533,0.000289248,0.6270467042922974,-0.013598792254924774,0.009033203125,0.192832,0.9964242577552795,,,
75776,362,37,209,517.75,425.84562157000005,0.0062869,360,-0.9371241934597492,-0.008221711381338537,0.00017617447701923084,0.00028894079999999996,0.6083101630210876,-0.0031394069083034992,0.05390625,0.1926272,0.9781723618507385,,,
77824,365,38,213,524.27,431.67744044000005,0.00446277,370,-0.9154584906995297,-0.004554702405584976,0.0005447592897326103,0.0002886336,0.6012607216835022,0.0008554118685424328,0.0283203125,0.1924224,0.9970702528953552,,,
79872,368,39,216,538.07,446.44017192000007,0.002736466,380,-0.8960367739200592,-0.005450844982988201,0.00021218747824605088,0.00028832639999999996,0.5833482146263123,-0.0010028344113379717,0.011181640625,0.1922176,0.9980204105377197,,,
80000,,,,,,0.0033138525,390,-0.8644904412329197,-0.005154483701335266,0.00025138542096101444,0.0002880192,0.5655269622802734,-0.0008532019564881921,0.0158203125,0.1920128,0.9983778595924377,999.660047,1000.0,
81920,330,40,247,556.28,463.8692463100001,,,,,,,,,,,,,,0.06612499999999999
83968,334,41,251,569.84,478.45891425,0.0040516355,400,-0.8305810853838921,-0.00480942137655802,0.00021108860964886845,0.00028771199999999997,0.5446743965148926,0.002895098878070712,0.012353515625,0.191808,-1.371293067932129,,,
86016,336,42,255,574.77,485.17919327000004,0.0020357152,410,-0.8009970702230931,-0.00477040768309962,0.0003534599311024067,0.00028740479999999995,0.5341213345527649,-0.004381056409329176,0.016357421875,0.1916032,0.9985576272010803,,,
88064,337,43,260,565.09,479.19012533999995,0.0035784938,420,-0.7813089348375797,-0.005266567741637118,0.0002324229233636288,0.0002870976,0.522881805896759,-0.01584852859377861,0.01923828125,0.1913984,0.9990732073783875,,,
90112,339,44,265,555.87,471.39044760999997,0.0046428517,430,-0.761235136538744,-0.007162543782033026,0.0002170646466765902,0.0002867904,0.5133990049362183,-0.010920191183686256,0.04873046875,0.19119360000000002,0.9989847540855408,,,
92160,342,45,269,546.5,466.17513907,0.0028933939,440,-0.7411183528602123,-0.008870058105094359,0.0001486806236243865,0.0002864832,0.5013875961303711,-0.006197299808263779,0.015185546875,0.19098880000000001,0.9990807175636292,,,
94208,343,46,273,555.85,475.33558493000004,0.0027496554,450,-0.7246457435190677,-0.00585814536025282,0.002564853721196414,0.00028617599999999997,0.49841880798339844,-0.01676035486161709,0.012451171875,0.190784,0.9818559885025024,,,
96256,346,47,278,537.83,459.46481810999995,0.0024825633,460,-0.7087454371154308,-0.00482003016222734,0.00018272578499818338,0.00028586879999999994,0.4839622676372528,-0.005487010348588228,0.02275390625,0.1905792,-1.2876932621002197,,,
98304,348,48,281,519.24,442.42724541999996,0.0024262574,470,-0.6876868359744549,-0.006269189549493603,0.00033832099761639257,0.0002855616,0.4797804057598114,-0.017081523314118385,0.025341796875,0.19037440000000003,0.9986696243286133,,,
100000,,,,,,0.0046297684,480,-0.675564919412136,-0.0075746591144707056,0.0001238819966602023,0.0002852544,0.47067445516586304,0.007047202438116074,0.020947265625,0.19016960000000002,0.9992617964744568,999.7126811,1000.0,
100352,320,49,313,529.25,452.10415938000006,,,,,,,,,,,,,,0.07604374999999998
102400,322,50,317,519.97,444.2323974,0.0030594007,490,-0.6530907593667508,-0.00761382321070414,0.00012891839633084602,0.0002849472,0.4588521420955658,-0.011863195337355137,0.016943359375,0.18996480000000002,0.999204158782959,,,
104448,324,51,321,529.58,453.9338610599999,0.002085192,500,-0.625194501131773,-0.007363462232751772,0.00012556446718008373,0.00028463999999999996,0.4454057812690735,-0.003844259073957801,0.0095703125,0.18976,0.9992416501045227,,,
106496,326,52,326,539.08,463.53523189,0.0037700534,510,-0.5937744341790676,-0.008390668311039916,0.00011051282190237544,0.00028433279999999994,0.4307924509048462,-0.02734222263097763,0.0318359375,0.1895552,-0.49357569217681885,,,
108544,328,53,330,548.75,473.33609481999997,0.002427436,520,-0.564890519529581,-0.007138736970955506,0.00013425386996459565,0.00028402559999999997,0.42080217599868774,-0.008152374066412449,0.0123046875,0.18935040000000003,0.9989861845970154,,,
110592,330,54,334,540.42,465.60232018000005,0.0015557158,530,-0.5367049165070057,-0.005560311724548228,8.60227856264828e-05,0.0002837184,0.40668341517448425,-0.012728620320558548,0.003857421875,0.18914560000000002,-0.5224196910858154,,,
112640,331,55,339,550.45,475.45017623,0.0033321609,540,-0.5118563242256642,-0.0038168817904079334,0.00016715741539883311,0.0002834112,0.40137192606925964,-0.01116367056965828,0.018603515625,0.18894080000000002,0.999617874622345,,,
114688,332,56,344,541.5,467.69257995,0.003940859,550,-0.493695841729641,-0.009161810029763729,9.643026351113804e-05,0.00028310399999999995,0.39089569449424744,-0.016394488513469696,0.02216796875,0.18873600000000001,0.9994924664497375,,,
116736,334,57,348,552.21,477.90225009999995,0.0044781966,560,-0.4697145089507103,-0.007619350898312405,0.00019649547894005082,0.0002827968,0.38343164324760437,-0.009132553823292255,0.04814453125,0.1885312,0.9994856715202332,,,
118784,336,58,353,543.28,470.1629447300001,0.002034312,570,-0.4514027487486601,-0.005407978188304696,0.00014676978898933157,0.00028248959999999996,0.37650957703590393,-0.004320413805544376,0.020849609375,0.1883264,0.9996950626373291,,,
120000,,,,,,0.0015535132,580,-0.43400739431381224,-0.0039792426250642166,0.00015282827253031427,0.0002821824,0.3702886998653412,-0.007653913926333189,0.01220703125,0.1881216,0.9996058344841003,999.4969478999999,1000.0,
120832,312,59,386,552.79,480.18845612999996,,,,,,,,,,,,,,0.08745031249999997
122880,314,60,391,562.08,490.15632228000004,0.0040567527,590,-0.4162791796028614,-0.006030211318284273,0.00017765738157322631,0.00028187519999999997,0.3634343445301056,-0.0029118682723492384,0.029150390625,0.1879168,0.9995695352554321,,,
124928,315,61,395,571.29,499.58237328999996,0.008257481,600,-0.39846562333405017,-0.007034205520176329,0.00028117797255617917,0.00028156799999999994,0.3573635220527649,-0.027781544253230095,0.032568359375,0.187712,0.9993259310722351,,,
126976,317,62,400,590.22,519.1293179500001,0.0024045329,610,-0.3743949353694916,-0.005786194879328832,6.488396584245493e-05,0.0002812608,0.34599626064300537,0.0004507809935603291,0.008203125,0.1875072,-0.5758622884750366,,,
129024,319,63,404,600.03,528.68145034,0.0016597132,620,-0.34431631565093995,-0.0037345823540817944,0.0001847830508268089,0.0002809536,0.33704936504364014,-0.0011704806238412857,0.007958984375,0.1873024,-2.1085989475250244,,,
131072,320,64,408,562.98,494.98163616,0.0017972311,630,-0.32371787279844283,-0.0032366974017350005,9.954298584489152e-05,0.0002806464,0.3319567143917084,-0.0004972931928932667,0.0142578125,0.1870976,0.9997092485427856,,,
133120,322,65,412,563.32,495.01262742,0.005041574,640,-0.3116416156291962,-0.0036691730696475134,0.0002515347102416854,0.00028033919999999996,0.3290930986404419,0.0026220136787742376,0.04013671875,0.1868928,0.9996967315673828,,,
135168,324,66,416,553.79,488.35908309999996,0.0031178182,650,-0.29563527554273605,-0.005022068676771596,8.860577022460348e-05,0.000280032,0.32096487283706665,-0.008723192848265171,0.011083984375,0.18668800000000002,0.9980340600013733,,,
137216,325,67,421,535.0,470.85451665,0.0020915766,660,-0.2768925875425339,-0.004777634452329949,0.0001771352256582759,0.00027972479999999997,0.31779998540878296,-0.01627936027944088,0.0240234375,0.18648320000000002,0.9995314478874207,,,
139264,327,68,424,534.87,471.87146389000003,0.0049432092,670,-0.267760181427002,-0.004653445398434997,0.00020848440526606283,0.0002794176,0.3147828280925751,-0.00960948783904314,0.0302734375,0.1862784,0.9996399879455566,,,
140000,,,,,,0.003729432,680,-0.25674356520175934,-0.0049075726914452385,0.00017061265466509213,0.0002791104,0.3105708062648773,-0.0030914160888642073,0.026806640625,0.1860736,0.9995663166046143,999.2339605,1000.0,
141312,309,69,456,516.13,454.04352033,,,,,,,,,,,,,,0.10056785937499996
143360,311,70,460,525.35,464.07386233,0.0026969323,690,-0.24290226846933366,-0.005213650545920245,6.231682596080645e-05,0.00027880319999999995,0.3063969016075134,0.0038433594163507223,0.025439453125,0.1858688,0.9999052882194519,,,
145408,313,71,464,534.67,474.11644517,0.003333787,700,-0.22046806961297988,-0.006770377795328386,4.2331079907853566e-05,0.000278496,0.29664433002471924,-0.007171343080699444,0.009521484375,0.18566400000000002,-0.14814269542694092,,,
147456,314,72,468,525.3,465.93391427,0.0011657014,710,-0.1902548536658287,-0.004697884852066636,7.301959190044726e-05,0.00027818879999999996,0.28895097970962524,-0.006449338048696518,0.00830078125,0.18545920000000002,-2.7640719413757324,,,
149504,316,73,472,525.27,467.3636508599999,0.0015572212,720,-0.1725638374686241,-0.003161833030753769,8.981401647361054e-05,0.0002778816,0.28665319085121155,-0.015979550778865814,0.01240234375,0.1852544,0.9996989965438843,,,
151552,318,74,476,525.27,467.3636508599999,0.0027254536,730,-0.16450680196285247,-0.0023000225141004194,0.000199333566979476,0.00027757439999999997,0.2837314009666443,-0.0030071090441197157,0.02197265625,0.1850496,0.9996994733810425,,,
153600,319,75,480,515.9,459.98857904,0.0043883817,740,-0.15012513101100922,-0.006233111897017807,3.965210680689779e-05,0.0002772672,0.2784533202648163,-0.002507628872990608,0.04228515625,0.18484480000000003,-0.46164417266845703,,,
155648,321,76,484,515.9,459.98857904,0.0041538165,750,-0.13478244990110397,-0.004082133556948975,0.00016416180656051438,0.00027696,0.27565643191337585,-0.005592224188148975,0.03642578125,0.18464000000000003,0.9997004866600037,,,
157696,322,77,488,515.96,461.6738472699999,0.0010686206,760,-0.11798073947429658,-0.003988051967462524,3.493944905130775e-05,0.00027665279999999995,0.2683655023574829,-0.005772107746452093,0.003857421875,0.18443520000000002,-0.2927032709121704,,,
159744,324,78,492,515.96,461.6738472699999,0.0026236665,770,-0.09509879350662231,-0.0042451989284018055,5.772907056780241e-05,0.0002763456,0.26397639513015747,-0.00958932749927044,0.01865234375,0.18423040000000002,0.9996464252471924,,,
160000,,,,,,0.0014584445,780,-0.0723959118127823,-0.004433079063892365,2.3445364490726206e-05,0.0002760384,0.2563879191875458,-0.012162153609097004,0.005029296875,0.1840256,-0.1541428565979004,999.3953862000001,1000.0,
161792,309,79,523,525.35,472.50581982999995,,,,,,,,,,,,,,0.11565303828124994
163840,310,80,527,525.35,472.50581982999995,0.0037195005,790,-0.050480975210666655,-0.00806266140716616,0.0001918149870562047,0.0002757312,0.25270289182662964,-0.000700372620485723,0.0369140625,0.1838208,0.9994917511940002,,,
165888,312,81,531,534.63,483.33471516000003,0.0051632156,800,-0.03309528976678848,-0.0076595016056671735,3.5240750321463565e-05,0.00027542399999999997,0.24750281870365143,-0.004935814533382654,0.047119140625,0.183616,-0.24461066722869873,,,
167936,313,82,535,534.63,483.33471516000003,0.0018009865,810,-0.014940135180950165,-0.002361610531806946,0.000104489619980086,0.00027511679999999995,0.24379906058311462,-0.008764367550611496,0.020556640625,0.1834112,0.9995077252388,,,
169984,315,83,539,553.18,503.3728430499999,0.0037837345,820,0.0030880212783813477,-0.007129002804867923,2.75572216423825e-05,0.0002748096,0.23843026161193848,-0.011907728388905525,0.045458984375,0.1832064,-0.5160948038101196,,,
172032,316,84,543,543.85,493.92179933999995,0.005528553,830,0.01894470155239105,-0.006491659910534508,0.00038504753283632456,0.0002745024,0.23667661845684052,-0.011128387413918972,0.0708984375,0.18300160000000001,0.9991428256034851,,,
174080,318,85,546,553.12,504.55724403,0.0059844386,840,0.030054371058940887,-0.005677417176775635,0.00023069900498740026,0.0002741952,0.23278263211250305,-0.003848424879834056,0.069775390625,0.1827968,0.9835793972015381,,,
176128,319,86,550,543.81,495.11940340999996,0.008015734,850,0.04150274395942688,-0.01109813555231085,0.00013606171373794495,0.00027388799999999996,0.23173342645168304,-0.025046704337000847,0.110888671875,0.182592,0.999459981918335,,,
178176,321,87,553,571.74,524.3911489499999,0.0076999674,860,0.04736889600753784,-0.00998142603202723,8.717539737972402e-05,0.0002735808,0.22968026995658875,-0.014684410765767097,0.117626953125,0.1823872,0.9994892477989197,,,
180000,,,,,,0.0025962708,870,0.05714846700429917,-0.005254108566441573,9.56026698986534e-05,0.00027327359999999997,0.22730039060115814,-0.00875235628336668,0.0384765625,0.1821824,0.9994384050369263,998.6802262000001,1000.0,
180224,306,88,587,534.43,486.84835713000007,,,,,,,,,,,,,,0.13300099402343743
182272,307,89,592,534.37,487.6433034100001,0.0062137228,880,0.06556400954723358,-0.0068123750752420165,0.00018893775068136166,0.0002729664,0.22599199414253235,-0.01627063751220703,0.049951171875,0.18197760000000002,0.999742329120636,,,
184320,308,90,596,534.34,487.8485950600001,0.0023705831,890,0.07012081295251846,-0.0015428434329805897,0.000618499385927862,0.0002726592,0.2252766191959381,-0.005257875192910433,0.0419921875,0.1817728,0.9989011287689209,,,
186368,310,91,601,552.91,507.5361979500001,0.008770897,900,0.07467843294143676,-0.012468678934965283,7.938416761135158e-05,0.00027235199999999996,0.22361290454864502,-0.012634269893169403,0.127880859375,0.181568,0.9998059868812561,,,
188416,311,92,605,562.21,517.2813987500001,0.0063759186,910,0.08308860063552856,-0.00899007492698729,8.900416423784918e-05,0.0002720448,0.22158369421958923,-0.007548856548964977,0.096923828125,0.1813632,0.9995008111000061,,,
190464,312,93,609,562.19,517.94197426,0.0044382736,920,0.09631615430116654,-0.008937372648506425,2.750762878349633e-05,0.00027173759999999996,0.21756921708583832,-0.017571771517395973,0.0662109375,0.18115840000000002,0.9998793005943298,,,
192512,313,94,613,562.17,518.15433233,0.012456346,930,0.11294319480657578,-0.007027727394597605,9.546013623094041e-05,0.0002714304,0.21480584144592285,-0.0025305699091404676,0.075439453125,0.18095360000000002,0.9996801018714905,,,
194560,315,95,616,552.85,509.04917157000006,0.004878843,940,0.12371716797351837,-0.0037189795286394654,0.00015109864873465994,0.00027112319999999997,0.21279358863830566,-0.0076990588568151,0.053369140625,0.18074880000000002,0.9996175169944763,,,
196608,316,96,620,562.17,518.81012816,0.001683886,950,0.13165460377931595,-0.003868152591167018,8.770007225393784e-05,0.00027081599999999995,0.21141912043094635,-0.006836777552962303,0.0259765625,0.180544,0.9998928308486938,,,
198656,318,97,624,580.81,538.5832338299999,0.001627566,960,0.14609998166561128,-0.003207206857041456,0.0001305045612525646,0.0002705088,0.20656491816043854,-0.00944742001593113,0.00751953125,0.18033920000000003,-9.007469177246094,,,
200000,,,,,,0.003655339,970,0.16202803552150727,-0.006122476514428854,0.00019283886572338816,0.00027020159999999996,0.20527341961860657,-0.014548363164067268,0.091064453125,0.18013440000000003,0.9987311959266663,998.9789466,1000.0,
200704,305,98,656,590.12,548.3435091,,,,,,,,,,,,,,0.15295114312695304
202752,307,99,660,562.11,520.10817531,0.007918332,980,0.16899187564849855,-0.012039838271448389,5.7423400448897155e-05,0.0002698944,0.20329999923706055,-0.007195619400590658,0.141357421875,0.17992960000000002,-1.5529215335845947,,,
204800,308,100,664,562.0,520.28346737,0.003677224,990,0.17651967108249664,-0.004204320261487737,0.00038069601114329996,0.00026958719999999997,0.2023991197347641,-0.004041696432977915,0.0947265625,0.17972480000000002,0.9995375871658325,,,
206848,309,101,668,580.58,539.8253366499999,0.005736362,1000,0.18311326950788498,-0.007142421667231247,8.508721361977223e-05,0.00026927999999999994,0.200266033411026,-0.006801705341786146,0.101416015625,0.17952,0.9998646378517151,,,
208896,310,102,671,580.58,540.1422453600001,0.0020279286,1010,0.19436198920011521,-0.0026648480939911678,0.0003672844667562458,0.0002689728,0.19816239178180695,-0.002414568793028593,0.016748046875,0.1793152,-2.0718727111816406,,,
210944,312,103,675,599.19,559.85777384,0.0067597604,1020,0.2036449447274208,-0.008144129667198286,0.00011237758908464457,0.00026866559999999995,0.1966421753168106,-0.01663297787308693,0.113134765625,0.1791104,-4.017790794372559,,,
212992,314,104,678,589.87,550.3563896100001,0.007712053,1030,0.21098148822784424,-0.010612208256497979,0.00013864618224488368,0.0002683584,0.19515138864517212,-0.010137663222849369,0.124951171875,0.1789056,0.9948137998580933,,,
215040,315,105,681,589.87,550.6443694900001,0.0030991416,1040,0.21689582318067552,-0.0032988539314828813,0.00017783270845939114,0.00026805119999999996,0.19445069134235382,-0.007942679338157177,0.0283203125,0.1787008,0.9982364773750305,,,
217088,316,106,685,599.15,560.5493700000001,0.0004515533,1050,0.22569870501756667,-0.0010219532035989688,0.00015160334003212484,0.00026774399999999994,0.19163551926612854,-0.004343063570559025,0.027978515625,0.178496,-0.04661297798156738,,,
219136,317,107,689,589.84,551.1035320600001,0.004973989,1060,0.2379364550113678,-0.005760941401240416,0.00039084917325453715,0.00026743679999999997,0.18998174369335175,-0.0035371750127524137,0.0962890625,0.1782912,-2.4660191535949707,,,
220000,,,,,,0.0062827016,1070,0.24344412237405777,-0.0066687525031738915,0.0002120713834756316,0.0002671296,0.18937097489833832,-0.0009549076203256845,0.082421875,0.1780864,0.9977619647979736,998.6626106,1000.0,
221184,306,108,720,580.53,541.6806822599999,,,,,,,,,,,,,,0.17589381459599598
223232,308,109,724,589.84,551.64926989,0.0055561904,1080,0.24740965366363527,-0.006859663536306471,7.390901530470728e-05,0.0002668224,0.18845133483409882,-0.007038154639303684,0.0857421875,0.1778816,0.9996472001075745,,,
225280,309,110,728,561.89,522.6770118399999,0.008217986,1090,0.25506057888269423,-0.004667691752547398,0.00012195416018130345,0.00026651519999999995,0.18633726239204407,-0.009154089726507664,0.084228515625,0.1776768,0.9957661628723145,,,
227328,310,111,732,543.26,503.43897266,0.0051789377,1100,0.2643541157245636,-0.003241958066064399,0.00029548929455813777,0.000266208,0.18530093133449554,-0.008292739279568195,0.049853515625,0.17747200000000002,0.9994308352470398,,,
229376,311,112,736,533.95,493.82946207000003,0.0031072036,1110,0.27008895874023436,-0.0036623767868150026,0.00013801496395444702,0.00026590079999999996,0.1840057373046875,-0.00677488325163722,0.031689453125,0.1772672,0.999824047088623,,,
231424,312,113,740,533.97,494.01809963,0.003985091,1120,0.2825078472495079,-0.008108626311877743,3.080861627040577e-05,0.0002655936,0.1802353709936142,-0.02428639680147171,0.024609375,0.1770624,0.9999340772628784,,,
233472,313,114,744,543.3,503.84270650999997,0.0027792952,1130,0.30149623304605483,-0.003191240879823454,7.326704291017449e-05,0.00026528639999999997,0.17793980240821838,-0.005507712718099356,0.036474609375,0.1768576,0.9995657205581665,,,
235520,314,115,748,561.92,523.5901018,0.0023044497,1140,0.3239071682095528,-0.005251849295746069,9.40197656973396e-06,0.0002649792,0.1719685196876526,-0.012203305028378963,0.017822265625,0.17665280000000003,-0.5854748487472534,,,
237568,315,116,752,571.26,533.43195225,0.003651983,1150,0.3489687845110893,-0.0029004058538703247,0.00014108557775216468,0.000264672,0.16979365050792694,-0.007164435926824808,0.025732421875,0.17644800000000002,0.9994171261787415,,,
239616,316,117,756,580.61,543.42291723,0.008284025,1160,0.3614957958459854,-0.006749488995410502,1.2016143546134118e-05,0.00026436479999999995,0.16716879606246948,-0.006960507482290268,0.086279296875,0.17624320000000002,-1.3099465370178223,,,
240000,,,,,,0.004265696,1170,0.3738217279314995,-0.004697903094347566,0.0004291190173717041,0.0002640576,0.16591478884220123,-0.01700958050787449,0.0701171875,0.1760384,0.9973054528236389,998.2466237000001,1000.0,
241664,306,118,788,580.59,543.52405409,,,,,,,,,,,,,,0.20227788678539538
243712,307,119,792,571.26,534.0215698999999,0.009610007,1180,0.3792199343442917,-0.005608854524325579,0.0002557266789835921,0.00026375039999999996,0.16539348661899567,-0.01534214150160551,0.13583984375,0.1758336,0.9979018568992615,,,
245760,308,120,797,580.6,543.82665413,0.0074722576,1190,0.3799820989370346,-0.006713381528970786,6.169536532070196e-05,0.0002634432,0.16557736694812775,0.0023341490887105465,0.064892578125,0.17562880000000003,0.9998927712440491,,,
247808,309,121,801,580.61,544.08778755,0.0022866274,1200,0.39614212661981585,-0.005925523157930002,8.802870229374094e-06,0.00026313599999999997,0.15950988233089447,-0.017297733575105667,0.013623046875,0.17542400000000002,0.02814006805419922,,,
249856,310,122,805,580.63,544.19830717,0.0013040411,1210,0.4248832043260336,-0.006041698268381879,6.319654102071581e-05,0.00026282879999999995,0.15709981322288513,-0.011731680482625961,0.01484375,0.17521920000000002,0.9996377229690552,,,
251904,311,123,809,599.27,563.9533046299999,0.00178304,1220,0.43565332777798177,-0.0038421374309109526,0.00010053386679373944,0.0002625216,0.15598119795322418,0.001124114729464054,0.0419921875,0.17501440000000001,0.9995046257972717,,,
253952,312,124,813,608.59,573.75821546,0.0010715958,1230,0.4427369739860296,-0.0016719493753043935,0.00010275586274701709,0.00026221439999999995,0.15475675463676453,-0.012513523921370506,0.041357421875,0.1748096,-1.2347166538238525,,,
256000,313,125,817,608.58,573.95476392,0.0012080633,1240,0.45194946601986885,-0.0027994777119602077,0.00011576629723322184,0.0002619072,0.15335378050804138,-0.008687225170433521,0.040576171875,0.1746048,-0.27135372161865234,,,
258048,314,126,821,589.95,554.47627519,0.00615629,1250,0.4568635132163763,-0.0005244051571935415,0.00013621745356431347,0.00026159999999999996,0.15321724116802216,-0.009389575570821762,0.054736328125,0.1744,0.9996048808097839,,,
260000,,,,,,0.007334641,1260,0.45807407721877097,-0.004014876123983413,2.7286330725928566e-05,0.00026129279999999994,0.152818962931633,-0.004136601462960243,0.09873046875,0.1741952,0.9998596906661987,997.3411042000001,1000.0,
260096,304,127,853,599.28,564.3976409600001,,,,,,,,,,,,,,0.23261956980320467
262144,305,128,858,608.6,574.3200275800001,0.004987953,1270,0.4610696263611317,-0.0021200015384238214,0.0002387993217780604,0.0002609856,0.1523263156414032,-0.001373946201056242,0.07841796875,0.17399040000000002,0.18685191869735718,,,
264192,306,129,862,608.62,574.43779638,0.004297665,1280,0.46283840350806715,-0.0020142967725405468,0.0002202969809559363,0.0002606784,0.15234822034835815,0.0006406778702512383,0.048486328125,0.1737856,0.9975558519363403,,,
266240,307,130,866,618.01,584.3277189900001,0.00118964,1290,0.4662381369620562,-0.0025352020107675343,0.0002822644948537345,0.0002603712,0.15101949870586395,0.0051183695904910564,0.012548828125,0.1735808,0.9978286623954773,,,
268288,308,131,870,636.66,603.9363384200001,0.003637909,1300,0.47444455511868,-0.004405102750752121,0.00028320913129391555,0.00026006399999999995,0.15019653737545013,-0.012702357023954391,0.062841796875,0.173376,0.9990606307983398,,,
270336,308,132,874,636.66,604.0019190899999,0.002319813,1310,0.4882670875638723,-0.0024864674283890053,2.7209735623046073e-05,0.0002597568,0.14671671390533447,-0.006468515843153,0.011474609375,0.1731712,-0.10055983066558838,,,
272384,309,133,878,636.66,604.10225864,0.0030846333,1320,0.5094359815120697,-0.0034495903382776305,1.620898544274496e-05,0.0002594496,0.14400510489940643,0.00526990182697773,0.043603515625,0.17296640000000002,0.45940011739730835,,,
274432,310,134,883,627.36,594.45577481,0.004144269,1330,0.5227599188685417,-0.002673961437540129,0.00014889171188769978,0.0002591424,0.14314185082912445,0.006882139947265387,0.032470703125,0.17276160000000002,0.6107748746871948,,,
276480,311,135,887,636.67,604.30491166,0.0026633216,1340,0.5256866201758384,-0.002437889436259866,0.00020177340757072671,0.00025883519999999997,0.14296965301036835,-0.013512036763131618,0.0283203125,0.1725568,0.9980847835540771,,,
278528,312,136,891,618.09,584.8484145499999,0.0029586118,1350,0.5299414590001106,-0.0017440651572542265,0.00023842689060984412,0.00025852799999999995,0.1417737454175949,0.001130604767240584,0.030224609375,0.172352,0.5395539999008179,,,
280000,,,,,,0.0044777747,1360,0.5362924598157406,-0.003471117024309933,7.498035324715602e-05,0.0002582208,0.14132176339626312,0.004340345971286297,0.02880859375,0.1721472,0.9997047781944275,997.0576216,1000.0,
280576,303,137,923,599.54,565.33700358,,,,,,,,,,,,,,0.26751250527368536
282624,304,138,927,590.27,555.65157495,0.007852314,1370,0.5387541815638542,-0.0043104277254315095,5.1133716124240894e-05,0.0002579136,0.14104677736759186,-0.011767282150685787,0.1095703125,0.17194240000000002,0.9999210834503174,,,
284672,305,139,931,599.63,565.57734977,0.004610776,1380,0.5414454646408557,-0.00415761582335108,8.597671844654542e-05,0.0002576064,0.14046895503997803,-0.010177175514400005,0.084814453125,0.17173760000000002,0.9998332858085632,,,
286720,306,140,935,608.96,575.4169292600001,0.005079222,1390,0.5468704849481583,-0.0032485766045283527,2.053511265103225e-05,0.00025729919999999996,0.13958168029785156,0.017953060567378998,0.04052734375,0.1715328,0.9999489188194275,,,
288768,307,141,939,609.04,575.52644044,0.0058691404,1400,0.5525905020534992,-0.007628456974634901,5.741014249451837e-05,0.000256992,0.13888266682624817,-0.014455564320087433,0.097314453125,0.17132800000000004,0.9998244643211365,,,
290816,308,142,943,544.07,507.04573931,0.0038653156,1410,0.5582061693072319,-0.002155906826374121,3.633892090419977e-05,0.00025668479999999997,0.13798342645168304,0.0017698940355330706,0.02880859375,0.1711232,0.9999411702156067,,,
292864,308,143,947,534.77,497.23796043000004,0.004603463,1420,0.5638164177536964,-0.004336130866431631,0.00011739029068849049,0.0002563776,0.13737106323242188,-0.013215933926403522,0.045068359375,0.17091840000000003,0.9999334216117859,,,
294912,309,144,951,544.11,507.12072364,0.0011389831,1430,0.5703833766281605,-0.0025618181272875516,1.274325151712219e-05,0.0002560704,0.13617822527885437,-0.00701587600633502,0.03330078125,0.17071360000000002,0.9998916387557983,,,
296960,310,145,956,544.21,507.18775227,0.006994035,1440,0.5791740953922272,-0.003907613322371617,1.9716999872798624e-05,0.00025576319999999996,0.13502246141433716,0.0004160965036135167,0.0572265625,0.17050880000000002,0.9999074935913086,,,
299008,311,146,959,544.27,507.31855019,0.002922991,1450,0.5850481897592544,-0.0013050140492850914,3.478487626011884e-05,0.000255456,0.13449525833129883,0.001807296765036881,0.03291015625,0.170304,0.9998315572738647,,,
300000,,,,,,0.001396392,1460,0.5900462329387665,-0.004612006375100464,3.813501467675451e-05,0.00025514879999999997,0.13367661833763123,0.0036122084129601717,0.015380859375,0.1700992,0.9998739361763,997.0255774000001,1000.0,
301056,303,147,990,544.31,507.37404023000005,,,,,,,,,,,,,,0.30763938106473815
303104,304,148,994,553.63,517.1439969000002,0.0019493299,1470,0.5980439215898514,-0.004634843149688095,0.000103785908959253,0.0002548416,0.13247063755989075,0.005204489920288324,0.022705078125,0.1698944,0.9992881417274475,,,
305152,305,149,998,535.1,497.51900675,0.003846156,1480,0.6106253758072853,-0.004354187906574225,1.1257093161987086e-05,0.0002545344,0.13014201819896698,-0.0050101312808692455,0.04228515625,0.1696896,0.999698281288147,,,
307200,306,150,1003,535.1,497.51508172,0.007106325,1490,0.6225560113787652,-0.003784281373373233,0.00010996565165442008,0.00025422719999999995,0.12971146404743195,-0.0074906800873577595,0.055029296875,0.1694848,0.9996830821037292,,,
309248,306,151,1007,526.01,487.72485288999997,0.005311985,1500,0.6343032419681549,-0.006036782795854378,6.85980950549947e-06,0.00025392,0.12687329947948456,0.001607237965799868,0.07646484375,0.16928,-1.262221097946167,,,
311296,307,152,1012,535.38,497.60978008000006,0.0053412607,1510,0.6495679378509521,-0.004749093888676725,0.0001540257539090817,0.0002536128,0.1259511411190033,-0.0021570518147200346,0.03828125,0.1690752,0.9997003674507141,,,
313344,308,153,1015,498.68,458.46569443,0.013387299,1520,0.6609969884157181,-0.008251549600390717,4.740953259840808e-06,0.0002533056,0.12371212989091873,-0.01960260234773159,0.024853515625,0.1688704,0.9999615550041199,,,
315392,309,154,1019,489.43,448.72693439,0.004071328,1530,0.6740131169557572,-0.0017166571895359084,0.00018207930170319742,0.00025299839999999997,0.12309970706701279,0.0013649540487676859,0.04287109375,0.1686656,0.9998080134391785,,,
317440,310,155,1023,508.02,468.38434681,0.005656622,1540,0.6774668589234352,-0.003730479793739505,2.2055740578252882e-05,0.00025269119999999994,0.12262986600399017,0.003786101471632719,0.06982421875,0.1684608,0.9998711943626404,,,
319488,310,156,1027,489.51,448.8810288799999,0.003647578,1550,0.6848227813839912,-0.002221594747970812,0.00013240667844911514,0.000252384,0.12132591009140015,-0.01116515975445509,0.024658203125,0.16825600000000002,0.8247965574264526,,,
320000,,,,,,0.003534986,1560,0.6933403789997101,-0.004812972582294605,6.218913497377799e-05,0.0002520768,0.12062454223632812,-0.019224444404244423,0.042138671875,0.1680512,0.9997681379318237,994.8561535000001,1000.0,
321536,303,157,1058,489.53,448.81725807,,,,,,,,,,,,,,0.3537852882244488
323584,304,158,1063,480.34,439.09056325000006,0.005782607,1570,0.6956627190113067,-0.005566483165603131,2.7009935422483977e-05,0.0002517696,0.1208023801445961,-0.004974997136741877,0.054150390625,0.1678464,0.9999161958694458,,,
325632,305,159,1067,471.24,429.43514785,0.0012537246,1580,0.6968563824892045,-0.003445367605309002,2.9517084215058276e-05,0.0002514624,0.12017197906970978,-0.00798443891108036,0.01875,0.16764160000000003,0.9998957514762878,,,
327680,305,160,1070,471.24,429.43514785,0.0055741146,1590,0.7012031629681588,-0.0012820990566979162,0.0006080332251258369,0.0002511552,0.11993489414453506,0.008791936561465263,0.046142578125,0.16743680000000002,0.997230052947998,,,
329728,306,161,1074,481.0,439.3404323,0.008231696,1600,0.7045727103948594,-0.003583792070276104,4.1800915346357216e-05,0.00025084799999999997,0.1191457137465477,-0.01103141251951456,0.052490234375,0.16723200000000002,-0.40028858184814453,,,
331776,307,162,1077,471.92,429.54620721,0.0050690053,1610,0.7094128623604774,-0.0057061071711359546,0.0001921281079376058,0.0002505408,0.1188666969537735,-0.007456362247467041,0.070556640625,0.16702720000000001,0.9996426105499268,,,
333824,308,163,1081,472.25,429.5656136599999,0.0065169656,1620,0.7158539578318596,-0.004922749628894963,3.9790458436073096e-05,0.0002502336,0.11750852316617966,-0.005310842767357826,0.0916015625,0.1668224,0.9998189210891724,,,
335872,309,164,1085,472.25,429.53619098999997,0.0023866235,1630,0.7241067424416542,-0.0011667070881230756,6.521570533095656e-05,0.0002499264,0.11715646833181381,0.0022689434699714184,0.029052734375,0.16661760000000003,0.9997974634170532,,,
337920,310,165,1089,491.01,449.32505134999997,0.0041056005,1640,0.7281000018119812,-0.0023109105546609498,2.1651826978086318e-05,0.0002496192,0.11634686589241028,-0.0008908573072403669,0.037939453125,0.16641280000000003,0.5172969102859497,,,
339968,310,166,1093,500.59,459.22005563999994,0.0049191983,1650,0.7350897014141082,-0.00470945983834099,0.00017069859982257184,0.00024931199999999996,0.11564259976148605,-0.00815593171864748,0.054296875,0.16620800000000002,0.9994502067565918,,,
340000,,,,,,0.0035075229,1660,0.7401590391993522,-0.0018105727678630501,2.765273537193025e-05,0.0002490048,0.115224190056324,0.005946069955825806,0.02373046875,0.16600320000000002,0.9998202323913574,995.3252949,1000.0,
342016,304,167,1124,519.78,479.21116251,,,,,,,,,,,,,,0.4068530814581161
344064,304,168,1129,519.92,479.34496205000005,0.0034801713,1670,0.7400603055953979,-0.006429093921906315,0.0019776322134930522,0.00024869759999999997,0.11583366245031357,-0.02466433495283127,0.035791015625,0.1657984,0.9744243621826172,,,
346112,305,169,1133,529.28,489.1640500800001,0.0034540081,1680,0.7378007546067238,-0.0053794263541931285,0.0005238110225036507,0.0002483904,0.11535079777240753,-0.012811063788831234,0.034375,0.1655936,0.9958015084266663,,,
348160,306,170,1137,501.7,459.74375864999996,0.0020876196,1690,0.7426189616322517,-0.0015902189683401958,6.600441481054986e-05,0.0002480832,0.1149749606847763,-0.01221481803804636,0.02548828125,0.1653888,0.9995564818382263,,,
350208,306,171,1140,501.7,459.74375864999996,0.0050140955,1700,0.741247846186161,-0.005496539999148809,0.005726584755757358,0.00024777599999999995,0.11578881740570068,5.5728480219841003e-05,0.054052734375,0.165184,0.9873331785202026,,,
352256,307,172,1144,483.68,440.17905919,0.0024337284,1710,0.744312958419323,-0.0017306684021605179,8.817575928787846e-06,0.0002474688,0.11372105777263641,-0.008741010911762714,0.054052734375,0.1649792,-4.838537693023682,,,
354304,308,173,1149,483.96,440.2466771000001,0.00412698,1720,0.7578661218285561,-0.004019545536721125,0.0036736616806592793,0.00024716159999999996,0.11325979232788086,-0.003979302942752838,0.062451171875,0.1647744,0.9931036829948425,,,
356352,308,174,1153,484.12,440.03343056000006,0.00849217,1730,0.7607595235109329,-0.00445346504857298,0.0002230535956186941,0.0002468544,0.1128918007016182,-0.010450504720211029,0.151416015625,0.1645696,0.9984787702560425,,,
358400,309,175,1157,484.31,440.04571412000007,0.0036650286,1740,0.7627797484397888,-0.0006377607205649838,0.0007622779827215709,0.00024654719999999997,0.1127576231956482,0.005567461717873812,0.047998046875,0.1643648,0.9926318526268005,,,
360000,,,,,,0.003955557,1750,0.7654093191027641,0.0002963359729619697,5.87889085977622e-05,0.00024624,0.11237818747758865,0.012012158520519733,0.032275390625,0.16416,0.9997879862785339,995.1198852,1000.0,
360448,303,176,1189,493.64,449.85983283,,,,,,,,,,,,,,0.4678810436768335
362496,303,177,1193,493.64,449.90590868999993,0.00334122,1760,0.7693849906325341,-0.0032568244088906793,0.0001433494451248407,0.0002459328,0.11176208406686783,-0.006238800939172506,0.055126953125,0.16395520000000002,0.999424159526825,,,
364544,304,178,1197,521.5,479.45298566,0.0011306286,1770,0.7773347437381745,-0.0017322084080660717,8.540612172964756e-05,0.0002456256,0.11054696142673492,0.0016307757468894124,0.00634765625,0.16375040000000002,0.8884727954864502,,,
366592,305,179,1201,512.39,469.46338559000003,0.0035146344,1780,0.7866149798035622,-0.0004995654802769422,0.0002850004576430365,0.0002453184,0.10985428094863892,-0.00021026298054493964,0.0427734375,0.1635456,0.9985314011573792,,,
368640,305,180,1205,494.16,449.8522601800001,0.0051996703,1790,0.791909658908844,-0.003655738744419068,3.5780910820903955e-05,0.00024501119999999996,0.1092512384057045,-0.008529103361070156,0.035009765625,0.1633408,0.9999340176582336,,,
370688,306,181,1209,485.21,440.29159613999997,0.0039432663,1800,0.7955678597092628,-0.003989700577221811,5.8136286088483755e-05,0.000244704,0.10929461568593979,-0.01512941438704729,0.069970703125,0.163136,0.9999249577522278,,,
372736,306,182,1214,494.47,450.1030385,0.006003693,1810,0.796799211204052,-0.0022492215735837816,0.00013565825147452416,0.00024439679999999997,0.10877428203821182,-0.006466790102422237,0.058984375,0.16293120000000003,0.9996857047080994,,,
374784,307,183,1219,512.93,469.75266891000007,0.0015670398,1820,0.7993602111935616,-0.001464795735955704,0.00014625534863625943,0.0002440896,0.10871166735887527,-0.00014886914868839085,0.030810546875,0.16272640000000002,0.7474792003631592,,,
376832,307,184,1223,503.88,459.89195832999985,0.002045798,1830,0.8010220631957055,-0.001954396674409509,0.000197845081675041,0.00024378239999999998,0.10849812626838684,-0.00285995751619339,0.011572265625,0.16252160000000002,0.9253313541412354,,,
378880,308,185,1227,494.78,450.02315402000005,0.0029049297,1840,0.8018752127885819,-0.0012326666263106744,0.00027442537884780904,0.00024347519999999996,0.10853235423564911,0.009177962318062782,0.0609375,0.1623168,0.9989338517189026,,,
380000,,,,,,0.0021090978,1850,0.8048276394605637,-0.0027017511223675684,0.0005091974624519934,0.00024316799999999996,0.10776739567518234,0.009861979633569717,0.043701171875,0.162112,0.9984902143478394,701.7905682,729.2,
380928,304,186,1251,503.98,459.7996390400001,,,,,,,,,,,,,,0.5380632002283584
382976,305,187,1255,522.4,479.18563623999995,0.010007813,1860,0.8134251937270165,-0.0032870368129806595,6.7549455820881125e-06,0.0002428608,0.1067991629242897,-0.0035933430772274733,0.123486328125,0.16190720000000003,-0.5870339870452881,,,
385024,305,188,1259,522.58,479.38474819000004,0.0045536067,1870,0.8180071458220481,-0.001264104398433119,0.0002880931991057878,0.0002425536,0.10685621201992035,-0.000183181487955153,0.078857421875,0.16170240000000002,0.9981228113174438,,,
387072,306,189,1262,531.85,488.9995551099999,0.005961336,1880,0.8147062480449676,-0.0065455653457320295,0.00015082974418874074,0.00024224639999999997,0.10744626820087433,4.973676550434902e-05,0.06103515625,0.16149760000000002,0.999757707118988,,,
389120,307,190,1266,531.85,489.02374011999996,0.002027338,1890,0.8163142830133439,0.0003037722781300545,0.0004395741615553561,0.00024193919999999998,0.10639354586601257,-0.004280684050172567,0.039111328125,0.16129280000000001,0.9973266124725342,,,
391168,307,191,1270,532.01,488.89368036,0.0040811594,1900,0.8274457693099976,-0.004645462622283958,2.3235948947331054e-05,0.00024163199999999995,0.10494256764650345,-0.000997523427940905,0.067041015625,0.161088,0.9996843934059143,,,
393216,308,192,1274,532.01,488.89368036,0.007276935,1910,0.8372590273618699,-0.0010132018665899522,0.0004819392747776874,0.00024132479999999998,0.10470164567232132,0.0018067065393552184,0.0666015625,0.1608832,0.9966566562652588,,,
395264,309,193,1278,513.26,469.06323503000004,0.002076495,1920,0.8507464483380318,-0.00375627750181593,6.442062575473529e-06,0.0002410176,0.10192543268203735,-0.0008925302536226809,0.04326171875,0.1606784,-2.8072359561920166,,,
397312,309,194,1282,504.11,459.32552871000007,0.0070551373,1930,0.8644402489066124,-0.007035789283690974,0.008466672751819716,0.00024071039999999996,0.10229483991861343,-0.014542062766849995,0.08388671875,0.1604736,0.9879042506217957,,,
399360,310,195,1286,522.45,478.73931777000007,0.010095386,1940,0.8618459939956665,-0.0066973065797355956,5.10906190697824e-05,0.0002404032,0.10197341442108154,-0.007367849815636873,0.058056640625,0.16026880000000002,0.9998234510421753,,,
400000,,,,,,0.0019406029,1950,0.870654983818531,-0.0027788868523202837,0.00025917925913745423,0.00024009599999999997,0.10052953660488129,0.00100452930200845,0.023291015625,0.160064,0.7300132513046265,992.3998488,1000.0,
401408,304,196,1317,523.18,478.8745347,,,,,,,,,,,,,,0.6187726802626121
403456,305,197,1320,523.15,478.8665602399999,0.0055994615,1960,0.8796858593821526,-0.003719280427321792,0.00010589979142423544,0.00023978879999999998,0.10041920095682144,-0.021336663514375687,0.05810546875,0.1598592,0.9997193813323975,,,
405504,306,198,1324,523.14,478.94623879999995,0.0045706197,1970,0.880345194041729,-0.0018190170798334294,0.0006499183884443483,0.00023948159999999998,0.10023948550224304,-0.007261116988956928,0.06455078125,0.1596544,0.9984941482543945,,,
407552,306,199,1327,541.33,498.61954155000006,0.0016524097,1980,0.8844391196966171,-0.005183584039332345,0.0003419658158236416,0.00023917439999999996,0.09950920194387436,-0.010165546089410782,0.04384765625,0.1594496,0.9929440021514893,,,
409600,307,200,1332,522.34,479.17036971999994,0.005457702,1990,0.888117878139019,-0.0003371257102116942,0.0021422292113129513,0.0002388672,0.09975094348192215,0.006100733298808336,0.040185546875,0.15924480000000002,0.9931004047393799,,,
411648,308,201,1336,521.78,479.12846491000005,0.0064260243,2000,0.8835598260164261,-0.004937967607111205,0.005111557460622862,0.00023855999999999997,0.10017620027065277,-0.014830682426691055,0.075537109375,0.15904000000000001,0.9861884713172913,,,
413696,308,202,1340,503.41,459.20584684,0.0032211947,2010,0.8826735898852348,-0.002093586139380932,0.0014927222811820684,0.0002382528,0.09994998574256897,-0.003467703238129616,0.02978515625,0.1588352,0.9934962391853333,,,
415744,309,203,1344,502.92,459.17672791000007,0.0050496357,2020,0.8880039811134338,-0.0003048482321901247,0.0006600969999453809,0.00023794559999999997,0.09907123446464539,-0.005760124884545803,0.044091796875,0.1586304,0.9942708611488342,,,
417792,309,204,1348,502.49,459.1496548500001,0.0053192265,2030,0.8918972030282021,0.002343224742799066,0.0005828930001371191,0.00023763839999999995,0.09950578957796097,-0.0034753577783703804,0.033349609375,0.1584256,0.9957351088523865,,,
419840,310,205,1352,502.48,459.15430413,0.0023303428,2040,0.8885269537568092,0.002713020093506202,0.004360540786001366,0.00023733119999999998,0.09945747256278992,-0.01080980896949768,0.05634765625,0.15822080000000002,0.9828153848648071,,,
420000,,,,,,0.0029139859,2050,0.8898437157273292,-0.0005908703547902405,0.00011568138515940518,0.00023702399999999999,0.09936752915382385,-0.007813914678990841,0.03974609375,0.15801600000000002,0.9989601969718933,896.2562859,907.5,
421888,305,206,1381,473.97,429.71186141,,,,,,,,,,,,,,0.7115885823020038
423936,306,207,1384,464.26,419.91210537,0.005422719,2060,0.888626842200756,-0.004420902740093879,0.007600315930903889,0.0002367168,0.09978997707366943,-0.001362854614853859,0.05556640625,0.1578112,0.9925184845924377,,,
425984,306,208,1388,491.8,449.15339235000005,0.0041456004,2070,0.88406952470541,-0.00418742343026679,0.0003329061190925131,0.0002364096,0.10006121546030045,-0.014640388078987598,0.043701171875,0.15760640000000004,0.9977898001670837,,,
428032,307,209,1392,473.02,429.83755668,0.002367908,2080,0.8870051026344299,-0.003376247105188668,0.0006933907897291647,0.0002361024,0.09911728650331497,-0.009243542328476906,0.05009765625,0.15740160000000003,0.9942754507064819,,,
430080,307,210,1397,473.1,430.08648875000006,0.0030473778,2090,0.8932539179921151,-0.0019750784209463744,0.0016056904198194389,0.00023579519999999997,0.09912791848182678,-0.0005012328620068729,0.033056640625,0.15719680000000003,0.9882284998893738,,,
432128,308,211,1401,482.14,439.85785554,0.0059204437,2100,0.8895778238773346,-0.007757209154078737,0.0007050620974041521,0.00023548799999999998,0.0996771976351738,-6.740473327226937e-05,0.040087890625,0.15699200000000002,0.9965830445289612,,,
434176,308,212,1405,472.98,430.0428718399999,0.0013866453,2110,0.8912650898098946,-0.0029997701087268068,0.0004990523787455458,0.00023518079999999998,0.09866613149642944,-0.010250043123960495,0.0146484375,0.15678720000000002,0.9912019968032837,,,
436224,309,213,1409,472.89,430.21342167999995,0.004752453,2120,0.8989555925130844,-0.002187763665278908,0.00019445029483904363,0.00023487360000000001,0.09838569909334183,0.007968403398990631,0.0826171875,0.1565824,0.9992980360984802,,,
438272,309,214,1413,444.84,400.93581237000006,0.0030060764,2130,0.9033073231577873,-0.0031464293017052112,0.00034661271206459787,0.0002345664,0.09760016202926636,-0.006560790818184614,0.050048828125,0.1563776,0.995100200176239,,,
440000,,,,,,0.009092445,2140,0.908439177274704,-0.005506363751192111,0.001198172170552425,0.00023425919999999997,0.09748978167772293,-0.0014089754549786448,0.08896484375,0.1561728,0.998202919960022,889.5062415,903.1,
440320,305,215,1442,444.55,400.96774628,,,,,,,,,,,,,,0.8183268696473044
442368,305,216,1446,444.04,400.93060618999993,0.004269572,2150,0.9082176879048347,-0.004847199708456174,0.0013829545794578734,0.00023395199999999997,0.09767592698335648,0.008182091638445854,0.05849609375,0.155968,0.9977812767028809,,,
444416,306,217,1450,443.99,400.88564900000006,0.0015687054,2160,0.9050634890794754,-0.003026867177686654,0.0009486945113849288,0.00023364479999999998,0.09814535081386566,-0.0028849178925156593,0.036865234375,0.1557632,0.9761593341827393,,,
446464,306,218,1454,443.99,400.88564900000006,0.0024312767,2170,0.9006868198513984,-0.0015624107443727552,0.0017105555500165793,0.0002333376,0.0985088050365448,-0.015277205966413021,0.03154296875,0.1555584,0.9917145371437073,,,
448512,307,219,1458,433.93,391.59950736999997,0.0020109727,2180,0.9127414599061012,0.0006968063491513022,3.019401860626658e-06,0.00023303039999999998,0.09616190195083618,0.004767205100506544,0.052880859375,0.1553536,-1.588338851928711,,,
450560,308,220,1462,424.78,381.81983264999997,0.0039472366,2190,0.9245489045977593,-0.0028458383363613392,0.00404624136572238,0.00023272319999999996,0.09595967084169388,-0.0010202325647696853,0.065625,0.1551488,0.9924888610839844,,,
452608,308,221,1466,433.91,391.63161815,0.002435033,2200,0.9293418481945992,-0.0003849370841635391,0.0008351935015525669,0.00023241599999999996,0.09508544206619263,-0.0005970960482954979,0.053369140625,0.154944,0.9799403548240662,,,
454656,309,222,1470,434.02,391.48790420000006,0.0061795227,2210,0.9376763701438904,-0.0017582985979970544,0.004271740591502748,0.00023210879999999997,0.09439653158187866,-0.010338779538869858,0.0783203125,0.1547392,0.9931675791740417,,,
456704,309,223,1474,424.71,381.38593177999996,0.0053679897,2220,0.9435698702931404,-0.002930382563499734,0.0005139822467754129,0.0002318016,0.09397383034229279,0.0055274865590035915,0.07451171875,0.15453440000000002,0.9946001768112183,,,
458752,310,224,1478,415.98,372.03061998000004,0.0024437145,2230,0.9461415991187095,-0.002459344087401405,0.0015884958924289095,0.00023149439999999998,0.09395349025726318,-0.005895199254155159,0.038134765625,0.1543296,0.996047854423523,,,
460000,,,,,,0.006652822,2240,0.9435112178325653,-0.004684074220131151,0.003756229797727428,0.00023118719999999995,0.09452391415834427,-0.012091186828911304,0.07802734375,0.1541248,0.9958467483520508,892.9220836999999,903.1,
460800,305,225,1507,425.7,381.89615634,,,,,,,,,,,,,,0.9410759000944
462848,306,226,1511,415.75,371.86037145,0.004872988,2250,0.9401607185602188,0.0009249239752534777,0.00046307288671414425,0.00023087999999999998,0.09439950436353683,0.005781013984233141,0.067626953125,0.15392000000000003,0.9956609606742859,,,
464896,306,227,1516,424.89,381.34388945,0.0025500208,2260,0.941790759563446,-0.005035429162671789,0.001849556464003399,0.0002305728,0.09430864453315735,-0.01267060823738575,0.047802734375,0.15371520000000002,0.996874988079071,,,
466944,307,228,1520,415.41,371.85055849,0.0041518332,2270,0.9451963484287262,-0.003239528101403266,6.538602797263593e-05,0.0002302656,0.09372660517692566,-0.018339626491069794,0.096533203125,0.15351040000000002,0.9996033906936646,,,
468992,307,229,1525,405.81,362.08705931000003,0.0046192203,2280,0.9502948388457299,-0.0014302559982752427,0.0010989875103405212,0.00022995839999999997,0.0933557003736496,0.005135909654200077,0.049951171875,0.15330560000000001,0.9963898658752441,,,
471040,307,230,1529,386.72,342.25144368,0.0023824791,2290,0.9547869086265564,-0.00567732542695012,0.00020865820652034018,0.00022965119999999997,0.09284939616918564,0.0007498623454011977,0.07509765625,0.1531008,0.9993321895599365,,,
473088,308,231,1533,395.44,352.00494129,0.005776448,2300,0.9600673258304596,-0.003175739357538987,0.0036477097295573913,0.00022934399999999998,0.09243766218423843,-0.00854441337287426,0.075244140625,0.15289600000000003,0.9950456619262695,,,
475136,308,232,1538,394.91,351.86629403000006,0.0014640586,2310,0.9595417067408561,-0.0005726595700252801,0.0013032465300966579,0.00022903679999999998,0.09293187409639359,-0.0017346118111163378,0.0353515625,0.15269120000000003,0.9470424056053162,,,
477184,309,233,1542,395.05,351.90864973000004,0.007992017,2320,0.9568576246500016,-0.008830877940636129,0.0008711121295164048,0.00022872959999999999,0.09291782975196838,-0.019526535645127296,0.0755859375,0.15248640000000002,0.9910336136817932,,,
479232,309,234,1547,395.05,351.64858635,0.003966107,2330,0.960698901116848,0.00022759245184715836,0.001397524305320985,0.00022842239999999996,0.09208311885595322,-0.0025223400443792343,0.037890625,0.15228160000000002,0.9915348887443542,,,
480000,,,,,,0.003472825,2340,0.9705400407314301,-0.003384462679969147,0.00042644711879802344,0.00022811519999999997,0.09129729866981506,-0.007225784473121166,0.04072265625,0.1520768,0.8053826093673706,501.1897785,516.0,
481280,307,235,1567,421.94,380.5460741300001,,,,,,,,,,,,,,1.08223728510856
483328,307,236,1571,413.27,370.76316823,0.0026016962,2350,0.9753537937998772,-0.0006809698534198105,0.0006496278905615327,0.00022780799999999997,0.09124911576509476,0.01968172751367092,0.0455078125,0.151872,0.9972167611122131,,,
485376,307,237,1576,394.5,351.41063277000006,0.0026726834,2360,0.9730234980583191,-0.006289910292252898,0.002692952335928567,0.0002275008,0.0917176678776741,-0.011135021224617958,0.04765625,0.1516672,0.9891412258148193,,,
487424,308,238,1580,395.16,351.19232267,0.0022498798,2370,0.9705035567283631,-0.001357349898898974,0.00032857381911526317,0.00022719359999999998,0.09157691150903702,0.005199380684643984,0.050048828125,0.1514624,0.9995959997177124,,,
489472,308,239,1584,376.28,331.73979122,0.0043442957,2380,0.9750785648822784,-0.002444565438781865,0.00010287400714332761,0.00022688639999999996,0.09089545160531998,-0.004594441037625074,0.056298828125,0.1512576,0.9998801350593567,,,
491520,309,240,1589,358.47,312.72163428,0.0035702507,2390,0.9816021636128426,-0.003511147764220368,0.0005448649710160681,0.00022657919999999996,0.09044317901134491,-0.008006549440324306,0.058349609375,0.1510528,0.9993176460266113,,,
493568,309,241,1593,358.3,312.99720031,0.003642126,2400,0.9843921601772309,0.0004085385698999744,0.0007941015162941766,0.000226272,0.0904187485575676,0.0008253413834609091,0.04423828125,0.150848,0.998188316822052,,,
495616,310,242,1597,347.94,303.29554208,0.002934669,2410,0.9865225717425347,-0.0018259336007758974,0.002052824206839432,0.0002259648,0.0900387167930603,-0.0034087535459548235,0.07021484375,0.1506432,0.9974705576896667,,,
497664,310,243,1602,331.79,284.32652931,0.0026441142,2420,0.9891616970300674,-0.003690423678199295,0.004090635778266005,0.00022565759999999997,0.08995644748210907,-0.008420302532613277,0.047314453125,0.1504384,0.9810729026794434,,,
499712,311,244,1606,342.12,293.49289766999993,0.0022417377,2430,0.9880339190363884,-0.004859622335061431,0.0012904354440252063,0.0002253504,0.09032030403614044,-0.015893062576651573,0.067724609375,0.15023360000000002,0.997817873954773,,,
500000,,,,,,0.0036439302,2440,0.9842697113752366,-0.001528279233025387,0.000554274611567962,0.00022504319999999998,0.09041532129049301,-0.002904945518821478,0.05009765625,0.15002880000000002,0.9985959529876709,206.0283946,235.3,
501760,310,245,1617,341.45,293.28939339,,,,,,,,,,,,,,1.244572877874844
503808,310,246,1621,332.64,283.55073425,0.0024220422,2450,0.9856457754969596,-0.0020433889236301183,0.00027474428256937247,0.00022473599999999998,0.09021928161382675,0.003983589354902506,0.03935546875,0.149824,0.9994770884513855,,,
505856,311,247,1625,333.1,283.68337046,0.0035216426,2460,0.9850813925266266,-0.001982389885233715,0.0005741380527979345,0.0002244288,0.09053108841180801,-0.009988697245717049,0.07138671875,0.1496192,0.9995653033256531,,,
507904,311,248,1629,333.64,283.83291693,0.002189008,2470,0.989422756433487,-0.0010759215729194693,0.00032209082492045126,0.00022412159999999997,0.08930934220552444,0.0030464695300906897,0.019873046875,0.1494144,0.9708633422851562,,,
509952,312,249,1633,323.3,273.97597481,0.0024713606,2480,0.9983732655644417,-0.000471156692947261,0.003359279419237282,0.0002238144,0.08912532776594162,0.006399143021553755,0.034326171875,0.14920960000000003,0.991675615310669,,,
512000,312,250,1637,305.0,254.65012875,0.004784938,2490,1.0006843216717243,-0.0021103421517182142,0.0005709047717573412,0.00022350719999999997,0.08875953406095505,-0.011958518996834755,0.060693359375,0.14900480000000002,0.9979010224342346,,,
514048,313,251,1641,305.07,254.90129811,0.004995497,2500,1.0012967899441718,-0.003401107754325494,0.0009350234169687611,0.00022319999999999998,0.08911587297916412,0.0015193390427157283,0.070947265625,0.14880000000000002,0.9973301291465759,,,
516096,313,252,1645,294.16,244.52201823000004,0.010550864,2510,0.9937247276306153,0.00122312881576363,0.0007997645546311105,0.0002228928,0.09012823551893234,-0.002344328910112381,0.073193359375,0.14859520000000004,0.997438371181488,,,
518144,313,253,1650,302.62,254.33386974999996,0.0018233978,2520,0.9843093603849411,-0.0022148778021801262,0.0009306739074418146,0.00022258559999999996,0.09065260738134384,-0.0043998658657073975,0.03173828125,0.1483904,0.9963188767433167,,,
520000,,,,,,0.0024757506,2530,0.9880999624729156,-0.002701386739499867,0.0009770810858753976,0.0002222784,0.0893014445900917,-0.003230287227779627,0.0279296875,0.14818560000000003,0.9954208135604858,594.2605592,612.2,
520192,311,254,1671,301.56,254.21757164999997,,,,,,,,,,,,,,1.244572877874844
522240,311,255,1676,318.68,273.18949908,0.0018857871,2540,0.9981885641813278,0.0005086322707938962,0.0019279942811408547,0.00022197119999999997,0.08918596804141998,-0.00085183180635795,0.04462890625,0.14798080000000002,0.9932243227958679,,,
524288,311,256,1680,298.82,253.34477759,0.0033864672,2550,1.0016582489013672,-0.004441000788938254,0.0005460959984702641,0.00022166399999999997,0.08842004835605621,-0.000822773203253746,0.041357421875,0.14777600000000002,0.9988638162612915,,,
526336,312,257,1684,318.37,272.84966969000004,0.004205869,2560,1.0061835378408432,-0.0031608739285729826,0.001567846379475668,0.0002213568,0.08854518830776215,0.016201868653297424,0.064599609375,0.1475712,0.9976096153259277,,,
528384,313,258,1688,337.19,292.37310872,0.0020959494,2570,1.0089036464691161,-0.004938218655297533,0.0006740090082530514,0.00022104959999999995,0.08769974857568741,-0.000292548123979941,0.077587890625,0.1473664,0.9989753365516663,,,
530432,313,259,1691,335.97,292.34734526,0.0019884754,2580,1.0190424293279647,-0.0003225053907954134,7.445277582291965e-05,0.00022074239999999998,0.08711104840040207,-0.0020460477098822594,0.03505859375,0.1471616,0.9984872937202454,,,
532480,313,260,1696,306.83,263.5298748099999,0.0048759864,2590,1.021458688378334,-0.003189875723910518,0.0002593432748653868,0.00022043519999999996,0.08721335232257843,-0.002924339147284627,0.04130859375,0.1469568,0.99959397315979,,,
534528,314,261,1700,315.42,273.26065853999995,0.0043572034,2600,1.0186108082532883,-0.003907817899016663,0.0024594038208306302,0.000220128,0.08751208335161209,-0.006958272773772478,0.0595703125,0.146752,0.9954142570495605,,,
536576,314,262,1704,324.42,283.16960747999997,0.00267012,2610,1.023748055100441,-0.0003813839459326118,0.001363938330541714,0.0002198208,0.08620947599411011,-0.004970818292349577,0.039697265625,0.14654720000000002,0.993579089641571,,,
538624,315,263,1708,307.21,263.62136078000003,0.0026309597,2620,1.0318569093942642,-0.0006261840142542496,0.0018181557032221462,0.00021951359999999994,0.08647758513689041,8.73511889949441e-05,0.027587890625,0.14634239999999998,0.9781697392463684,,,
540000,,,,,,0.0037688743,2630,1.0268017590045928,-0.0018565524194855243,0.002143722874825471,0.00021920639999999998,0.08678176254034042,-0.0028807581402361393,0.059912109375,0.1461376,0.9917827844619751,403.4780186,435.6,
540672,313,264,1723,307.21,263.62136078000003,,,,,,,,,,,,,,1.4312588095560703
542720,314,265,1727,318.02,273.85568948,0.001159868,2640,1.0332880169153214,-0.0017239593784324826,7.492100291983661e-06,0.00021889919999999998,0.08513154089450836,-0.000683186633978039,0.070556640625,0.1459328,-2.092289447784424,,,
544768,314,266,1731,273.04,225.09387478000008,0.0022496455,2650,1.0465248554944993,0.0005928975559072569,0.0008497775221258053,0.00021859199999999998,0.0850197970867157,-0.0071155475452542305,0.077197265625,0.145728,0.9974915981292725,,,
546816,315,267,1735,282.22,234.89072485000005,0.006281662,2660,1.0465848326683045,-6.712885078741238e-05,0.0005634745381030371,0.0002182848,0.08487027138471603,-0.0012829038314521313,0.1107421875,0.14552320000000002,0.9992588758468628,,,
548864,315,268,1739,293.64,244.94493000999998,0.0026453687,2670,1.052367526292801,-0.0007491949188988655,1.9002916064891907e-05,0.0002179776,0.08406084775924683,0.016106218099594116,0.04609375,0.14531840000000001,-0.3588435649871826,,,
550912,316,269,1742,275.16,225.97222831000002,0.0020423923,2680,1.0574790984392166,0.0001289985520998016,0.0014163543841277716,0.00021767039999999997,0.0841287299990654,-0.0076332069002091885,0.057080078125,0.1451136,0.9978092908859253,,,
552960,316,270,1746,275.01,226.06586674000002,0.0022462555,2690,1.0554885745048523,-0.000719193895929493,0.0036174325417960063,0.0002173632,0.0842975303530693,-0.008187334053218365,0.053515625,0.14490880000000003,0.9956181645393372,,,
555008,317,271,1749,255.02,205.84217396,0.0036708182,2700,1.056123000383377,0.0006373433818225749,0.00015974357706909358,0.00021705599999999998,0.08395705372095108,0.005542496684938669,0.06044921875,0.144704,0.9994876980781555,,,
557056,317,272,1753,273.74,225.48421507999998,0.002172491,2710,1.0586429119110108,-0.0008072428026935086,0.0011749878375667323,0.0002167488,0.08398517966270447,-0.007608816493302584,0.0412109375,0.14449920000000002,0.9977214336395264,,,
559104,318,273,1757,272.35,225.40934230000002,0.0023283549,2720,1.0613655298948288,-0.001864361333718989,7.665147386433091e-05,0.00021644159999999998,0.08333666622638702,0.005491793621331453,0.0224609375,0.14429440000000002,0.9997097253799438,,,
560000,,,,,,0.002715156,2730,1.062316882610321,-0.0021008564770454543,0.007726875789376209,0.00021613439999999996,0.08407407253980637,-0.00564339617267251,0.08310546875,0.1440896,0.988343358039856,401.27052779999997,418.2,
561152,316,274,1772,236.21,186.51716924000002,,,,,,,,,,,,,,1.4312588095560703
563200,316,275,1777,225.43,176.4843522,0.004032445,2740,1.0580498307943345,-0.002169118489837274,0.0016728559996408876,0.0002158272,0.08388422429561615,-0.004216533154249191,0.112109375,0.14388480000000003,0.9970710873603821,,,
565248,317,276,1781,235.03,186.16894078999997,0.0027465397,2750,1.06347114443779,-0.002654527360573411,0.001821556789582246,0.00021551999999999997,0.08321678638458252,-0.015124348923563957,0.07646484375,0.14368,0.9912315607070923,,,
567296,317,277,1785,234.9,186.08138148999998,0.0030736541,2760,1.0694117605686189,-0.0015685367805417627,0.0007870221883422346,0.0002152128,0.08292346447706223,-0.011506771668791771,0.04755859375,0.14347520000000002,0.997230052947998,,,
569344,318,278,1789,253.58,205.69382910999994,0.0016307082,2770,1.071475088596344,-0.0022679803587379865,0.0019294361962238326,0.00021490559999999998,0.08280976861715317,-0.003971823025494814,0.033740234375,0.14327040000000002,0.9927858114242554,,,
571392,318,279,1794,262.64,215.5125583399999,0.0024934087,2780,1.073601394891739,-0.0010711380251450463,0.0009240744197086314,0.00021459839999999995,0.0825309306383133,-0.0035623502917587757,0.03544921875,0.14306560000000001,0.9976010918617249,,,
573440,318,280,1798,290.2,245.04658268,0.0055049127,2790,1.0901058346033097,-0.0023161188626545483,1.533316593906875e-05,0.00021429119999999999,0.08001106232404709,-0.009473573416471481,0.041552734375,0.1428608,-0.5639297962188721,,,
575488,319,281,1802,271.51,225.48462633,0.0034168921,2800,1.1098909556865693,-0.0022935338492970914,0.0010591526661301032,0.000213984,0.07948940992355347,-0.016669297590851784,0.045751953125,0.142656,0.9977102875709534,,,
577536,319,282,1806,279.97,235.16514107999998,0.005265146,2810,1.1152800917625427,0.0026013751339633018,0.001264596420514863,0.0002136768,0.07922676205635071,0.003716341918334365,0.0455078125,0.1424512,0.9950836896896362,,,
579584,320,283,1811,298.98,254.53583082000006,0.0036726296,2820,1.1166723310947417,-0.003975244099274277,0.0002667479393494432,0.00021336959999999997,0.07913908362388611,-0.01856779307126999,0.03408203125,0.1422464,0.9988749623298645,,,
580000,,,,,,0.003911542,2830,1.120094007253647,-0.004408502021396999,0.00033662666382952013,0.00021306239999999995,0.07876868546009064,-0.006579135078936815,0.061572265625,0.1420416,0.9987863898277283,301.1994958000001,325.8,
581632,318,284,1823,307.98,264.33184693,,,,,,,,,,,,,,1.4312588095560703
583680,319,285,1828,280.71,235.61984351999996,0.0046436302,2840,1.1211562901735306,-0.00257565887295641,0.0005218862938818347,0.00021275519999999998,0.0790303647518158,0.004169438499957323,0.049267578125,0.1418368,0.9976942539215088,,,
585728,319,286,1832,280.84,235.66501062999998,0.0037647046,2850,1.1198120445013047,-0.00337377701071091,0.0031611122976755723,0.00021244799999999998,0.0788344219326973,0.0041041686199605465,0.0935546875,0.141632,0.9977477192878723,,,
587776,320,287,1836,299.39,255.13952396999997,0.0049308054,2860,1.1237108737230301,-0.003801294564618729,5.080990463852686e-05,0.0002121408,0.07850620895624161,0.0003460851148702204,0.068798828125,0.1414272,0.9996088147163391,,,
589824,320,288,1841,289.82,245.09474152999996,0.019707631,2870,1.1293433904647827,-0.005445612673065625,0.00012876919281552547,0.00021183360000000002,0.07784606516361237,-0.0017406148836016655,0.046435546875,0.14122240000000003,0.9997078776359558,,,
591872,320,289,1845,279.57,235.45862916,0.0068873283,2880,1.1339064240455627,-0.0029730142443440853,0.001669146478161565,0.00021152639999999997,0.07792981714010239,0.004193364642560482,0.09619140625,0.1410176,0.9967113733291626,,,
593920,321,290,1850,261.96,216.12473138000001,0.005151579,2890,1.1337910741567612,-0.0014733842544956133,0.0031746705135446973,0.00021121919999999997,0.07784368842840195,-0.004341555293649435,0.088720703125,0.14081280000000002,0.9973128437995911,,,
595968,321,291,1854,224.15,176.63069989000005,0.005791081,2900,1.1345358192920685,-0.0030028194654732943,0.0003285165135821444,0.00021091199999999998,0.07779667526483536,0.013468204066157341,0.1083984375,0.140608,0.9997179508209229,,,
598016,321,292,1858,196.07,147.46217847000003,0.0047765933,2910,1.131346380710602,-0.0013808192510623486,0.0010243904343951726,0.00021060479999999998,0.07833247631788254,-0.0032444277312606573,0.06630859375,0.1404032,0.9982455968856812,,,
600000,,,,,,0.005183834,2920,1.1292458385229112,-0.000290298942127265,0.00224927873496199,0.0002102976,0.07806237041950226,0.0036813439801335335,0.066748046875,0.14019840000000003,0.9965013265609741,301.30719939999994,322.0,
600064,320,293,1872,196.07,147.46217847000003,,,,,,,,,,,,,,1.4312588095560703
602112,320,294,1876,206.2,157.37823569999998,0.0026826782,2930,1.1413686573505402,0.003956589105655439,0.0011052230601091395,0.00020999039999999996,0.07675651460886002,-0.0020437187049537897,0.154150390625,0.1399936,-2.9125566482543945,,,
604160,321,295,1880,197.67,147.80205854,0.0056957644,2940,1.1473896920681,-0.00281525868922472,0.0010940409538306994,0.00020968319999999996,0.07700297981500626,-0.002880685031414032,0.105419921875,0.13978880000000002,0.9992218613624573,,,
606208,321,296,1884,216.85,167.2675061,0.0035178885,2950,1.1424975156784059,-0.0015813236474059521,0.0008981019849670701,0.000209376,0.07739455252885818,-0.003251149319112301,0.066064453125,0.139584,0.9976987242698669,,,
608256,322,297,1888,188.84,138.01971042000002,0.007633888,2960,1.1376400142908096,-0.005315223438083194,0.0028340049131656995,0.00020906879999999997,0.07771316170692444,0.00034729705657809973,0.07783203125,0.1393792,0.9956845045089722,,,
610304,322,298,1891,208.39,157.66738202,0.0066493326,2970,1.134921234846115,-0.0023760323601891287,0.00021197769360696838,0.0002087616,0.07778094708919525,0.0238741934299469,0.08505859375,0.13917440000000003,0.9997498989105225,,,
612352,323,299,1895,209.05,157.567323,0.0038641018,2980,1.135544690489769,-0.0019667738262796773,0.0003011263380358287,0.00020845439999999998,0.07767024636268616,-0.006091164890676737,0.093896484375,0.13896960000000003,0.9997397065162659,,,
614400,323,300,1899,206.74,157.43589266,0.0017968885,2990,1.1396665573120117,0.0007997060427442193,0.000611488928188919,0.00020814719999999998,0.07707177847623825,1.2861579307354987e-05,0.05390625,0.13876480000000002,0.9992503523826599,,,
616448,323,301,1903,215.24,167.14277044,0.0026094387,3000,1.145712274312973,0.002366407011868432,0.011704627537983469,0.00020784,0.07688727229833603,0.004768468905240297,0.06025390625,0.13856000000000002,0.9890581369400024,,,
618496,324,302,1907,234.54,186.7793741,0.0014530553,3010,1.1489120304584504,-4.778517904924229e-05,0.0018872327760618645,0.00020753279999999997,0.07636124640703201,-0.005711918696761131,0.04501953125,0.1383552,0.987320065498352,,,
620000,,,,,,0.002926186,3020,1.1534772247076035,0.000920938199851662,8.014353411454068e-05,0.0002072256,0.07643117010593414,-0.005637569352984428,0.056396484375,0.1381504,0.9998535513877869,303.6322573,326.8,
620544,323,303,1920,245.46,196.65300446000003,,,,,,,,,,,,,,1.4312588095560703
622592,323,304,1924,254.5,206.17194102000002,0.0027545546,3030,1.1523470252752304,-0.0006962427956750617,0.001429603764154308,0.00020691839999999997,0.07640377432107925,-0.006545813288539648,0.058544921875,0.1379456,0.9926586747169495,,,
624640,323,305,1929,263.43,215.99399341,0.003405043,3040,1.1521667420864106,0.0005292851739795879,0.0010422893512441079,0.00020661119999999998,0.07651190459728241,0.0019349296344444156,0.023046875,0.1377408,0.9668858647346497,,,
626688,324,306,1933,235.9,186.40734433,0.0059161573,3050,1.1510552793741227,-0.003382584857172333,0.00854861623083707,0.000206304,0.07661071419715881,0.007987750694155693,0.07744140625,0.13753600000000002,0.9836665987968445,,,
628736,324,307,1936,224.13,176.15233364,0.0040262463,3060,1.1509265512228013,-0.0001831094763474539,0.0008779701121966355,0.00020599679999999996,0.07647920399904251,0.007978608831763268,0.076953125,0.1373312,0.9987741708755493,,,
630784,325,308,1940,215.05,166.51428653000002,0.003699571,3070,1.1542744427919387,-0.0005275162635371089,0.000891607971425401,0.0002056896,0.07602167874574661,-0.005280595272779465,0.066162109375,0.1371264,0.9991452693939209,,,
632832,325,309,1945,214.28,166.62932538,0.003470317,3080,1.1606789886951447,-0.0015392222703667358,0.004419444544328144,0.00020538239999999997,0.07558315247297287,-0.00885607860982418,0.063916015625,0.1369216,0.9915963411331177,,,
634880,325,310,1949,233.07,185.89023135000002,0.0021361557,3090,1.1629261821508408,-0.0030525061883963645,0.0022901856478711124,0.00020507519999999997,0.07573214173316956,-0.0054541584104299545,0.086083984375,0.1367168,0.99690181016922,,,
636928,326,311,1953,232.94,185.38267981,0.0016953864,3100,1.1612712800502778,0.0016327892255503685,0.0010171070578508079,0.000204768,0.07575567811727524,0.016274912282824516,0.04296875,0.13651200000000002,0.9954809546470642,,,
638976,326,312,1957,194.62,146.67052169,0.004989893,3110,1.1582703709602356,-0.0038908205868210645,0.0026052810761029834,0.00020446079999999995,0.07627549022436142,-0.00916570145636797,0.08984375,0.1363072,0.9974042177200317,,,
640000,,,,,,0.005341281,3120,1.1530643373727798,-0.002432712898007594,0.00042741223278426333,0.00020415359999999998,0.07648562639951706,0.004083048086613417,0.11484375,0.1361024,0.9996101260185242,496.007174,515.0,
641024,324,313,1975,194.04,146.4237664,,,,,,,,,,,,,,1.4312588095560703
643072,324,314,1979,194.77,146.66708026,0.0022899678,3130,1.1559172689914703,0.0003246691674576141,0.0003457154233274196,0.00020384639999999996,0.07576645910739899,-0.0023442318197339773,0.060693359375,0.1358976,0.9941830635070801,,,
645120,325,315,1983,194.69,147.03011032,0.006374495,3140,1.1631015598773957,-0.0028814893099479376,0.00023278775488506654,0.00020353919999999996,0.07545918226242065,-0.006519760936498642,0.136767578125,0.1356928,0.9991669058799744,,,
647168,325,316,1987,212.18,166.35827131999997,0.0061960234,3150,1.169740727543831,-0.0005746076116338372,0.00034324950192967665,0.000203232,0.07478364557027817,0.0013448146637529135,0.116455078125,0.135488,0.9994180798530579,,,
649216,326,317,1991,231.65,186.13223671,0.003071968,3160,1.176225510239601,-0.0030571796218282544,0.00010450198260514298,0.0002029248,0.07451919466257095,-0.011133418418467045,0.070751953125,0.1352832,0.999853253364563,,,
651264,326,318,1994,241.35,196.05487141,0.0017178155,3170,1.1760991662740707,-0.001777608587872237,0.0007054700405205949,0.00020261759999999998,0.07478754967451096,-0.0032409538980573416,0.044189453125,0.1350784,0.9981018304824829,,,
653312,326,319,1998,251.91,206.12267623,0.004016034,3180,1.1735704839229584,-0.0017187587232911027,1.7275301456720626e-05,0.0002023104,0.07488314807415009,0.0039509315975010395,0.0982421875,0.13487360000000004,0.999798595905304,,,
655360,327,320,2001,234.87,186.67428041,0.004030548,3190,1.1753709852695464,-0.0009245626395568251,0.0003118967981208698,0.00020200319999999998,0.0743928775191307,-6.72802489134483e-05,0.1236328125,0.13466879999999998,0.9996641874313354,,,
657408,327,321,2005,253.24,205.93099408999998,0.0044720196,3200,1.178810179233551,0.00025879330351017413,0.0009476530462052324,0.000201696,0.0745793804526329,-0.00015848770271986723,0.079833984375,0.13446400000000003,0.9988704919815063,,,
659456,328,322,2009,228.89,177.60011038000002,0.007406904,3210,1.174839401245117,-0.0014250310137867927,0.0001216251316236594,0.0002013888,0.07488739490509033,-0.0055328793823719025,0.128955078125,0.13425920000000002,0.9998844265937805,,,
660000,,,,,,0.0053876084,3220,1.1770417600870133,-0.00032763816125225276,0.0028833765929448417,0.00020108159999999997,0.07421325892210007,-0.0022210492752492428,0.11064453125,0.13405440000000002,0.9927393794059753,403.61886480000004,430.1,
661504,326,323,2025,228.89,177.51533310000002,,,,,,,,,,,,,,1.4312588095560703
663552,326,324,2029,248.54,196.55603605999997,0.0011472844,3230,1.1824011266231538,-0.0015951615350786597,7.810979791429417e-05,0.0002007744,0.07414421439170837,-0.0033496618270874023,0.086279296875,0.1338496,0.9996848702430725,,,
665600,327,325,2033,229.68,176.96834692999997,0.0047253734,3240,1.1828280359506607,-0.0013093253553961403,0.0004119738972804043,0.00020046719999999998,0.07409210503101349,-0.005407718010246754,0.119482421875,0.1336448,0.9995593428611755,,,
667648,327,326,2037,247.82,196.46533684,0.0021313294,3250,1.184002447128296,0.0035168158239684997,0.005391272808628856,0.00020015999999999998,0.07403238117694855,0.0037672887556254864,0.083203125,0.13344,0.9803611636161804,,,
669696,328,327,2041,240.41,186.78120668000003,0.0061208196,3260,1.1852389514446258,-0.0027356550184777007,7.716540987985354e-05,0.00019985279999999998,0.07389466464519501,-1.5719939256086946e-05,0.080126953125,0.1332352,0.9988385438919067,,,
671744,328,328,2045,249.56,196.61993778,0.0060040895,3270,1.1863750606775283,-0.0036779630871023984,0.0014297507514129393,0.00019954559999999996,0.07381711155176163,-0.005255958065390587,0.083642578125,0.1330304,0.9974275231361389,,,
673792,328,329,2050,249.14,196.37379083,0.0010507697,3280,1.1892565369606019,-0.00011782807414419949,0.00030029731464082944,0.0001992384,0.0734739676117897,0.004396675154566765,0.033642578125,0.13282560000000002,0.29762232303619385,,,
675840,329,330,2054,220.67,166.91524334000005,0.0023433845,3290,1.189318946003914,-0.00035879663919331507,0.001949842241447186,0.0001989312,0.0739237517118454,-0.0032819153275340796,0.055712890625,0.1326208,0.9968482851982117,,,
677888,329,331,2057,219.11,166.74533042,0.0055102995,3300,1.1830973356962204,-0.0030736507673282177,0.001074815134415985,0.000198624,0.07430484890937805,-0.01595325395464897,0.119482421875,0.132416,0.9987913966178894,,,
679936,329,332,2060,220.27,167.24440952,0.0029672731,3310,1.1802004367113113,-0.002846471421071328,0.0020223331826855428,0.00019831679999999998,0.0743393823504448,-0.00473680580034852,0.0625,0.1322112,0.9955239295959473,,,
680000,,,,,,0.0036296132,3320,1.1822324454784394,-0.002036750645493157,0.004523642713320441,0.00019800959999999995,0.07399428635835648,-0.001155720790848136,0.08994140625,0.1320064,0.9939166903495789,499.4908068,515.4,
681984,328,333,2078,217.18,166.97151852,,,,,,,,,,,,,,1.4312588095560703
684032,328,334,2083,235.99,186.25621804000002,0.0025152178,3330,1.184470683336258,-0.002101251736166887,0.0005576634112003376,0.00019770239999999999,0.0740952268242836,-0.008188314735889435,0.074072265625,0.13180160000000002,0.9991058707237244,,,
686080,328,335,2087,218.78,167.62347899,0.0025736194,3340,1.1831055343151093,-0.003042626878595911,4.1859995667437035e-05,0.0001973952,0.07414448261260986,-0.003091308753937483,0.08310546875,0.1315968,0.9998886585235596,,,
688128,328,336,2091,218.78,167.62347899,0.0042573735,3350,1.1837517142295837,4.8480258556082845e-05,0.000628448504357948,0.000197088,0.07400310784578323,-0.008121664635837078,0.125,0.131392,0.9994433522224426,,,
690176,329,337,2095,229.07,177.86695960999998,0.008253031,3360,1.1885974645614623,-0.0031280031165806577,1.53916081934824e-05,0.00019678080000000003,0.07334306836128235,-0.00442699808627367,0.156201171875,0.1311872,-2.110650062561035,,,
692224,329,338,2100,182.31,129.06697825999998,0.0016257565,3370,1.1965542912483216,-0.00020619556453311817,0.0005997492551614414,0.00019647359999999995,0.07293405383825302,-0.00531364418566227,0.06865234375,0.1309824,0.999351978302002,,,
694272,329,339,2104,191.79,139.07444986000002,0.004531455,3380,1.1988492280244827,-0.0025195205402269495,0.0014403113189473515,0.00019616639999999998,0.07299450784921646,-0.008349006995558739,0.106982421875,0.1307776,0.99835604429245,,,
696320,330,340,2108,208.62,157.93073855,0.0021752145,3390,1.1957252502441407,-0.0019951826267060823,0.00021913535856583622,0.00019585919999999998,0.07338184863328934,-0.008241355419158936,0.047265625,0.1305728,0.9989424347877502,,,
698368,330,341,2112,207.77,157.62599639,0.005267515,3400,1.1952992290258408,0.002212876459816471,0.001632279294426553,0.000195552,0.07306885719299316,-0.0035938164219260216,0.07919921875,0.13036799999999998,0.997348964214325,,,
700000,,,,,,0.0019479975,3410,1.19693683385849,0.00021891327342018485,0.0006310372296866263,0.00019524480000000002,0.07321680337190628,0.0009496341226622462,0.05380859375,0.13016320000000003,0.9992097020149231,596.5774673000001,612.3,
700416,328,342,2133,206.54,156.95755297000002,,,,,,,,,,,,,,1.4312588095560703
702464,328,343,2137,214.98,166.5866036,0.0036355646,3420,1.1961423993110656,-0.002401932774228044,0.0006069521614335827,0.00019493759999999994,0.0730723962187767,-0.004299539607018232,0.078076171875,0.12995839999999997,0.9994500875473022,,,
704512,329,344,2141,233.02,185.97789540999997,0.0021537787,3430,1.1973193824291228,0.00015608445828547702,0.00012432290775450384,0.00019463039999999997,0.07307751476764679,0.0035043954849243164,0.137646484375,0.12975360000000002,0.99797523021698,,,
706560,329,345,2145,222.99,176.38374513000002,0.0029763286,3440,1.198390644788742,-0.0018886228615883737,0.0017520725823487737,0.00019432319999999998,0.07298839837312698,-0.006785523146390915,0.087890625,0.12954880000000002,0.9955564737319946,,,
708608,329,346,2149,231.99,186.09143126999996,0.0028488599,3450,1.203344851732254,-0.002705693247844465,0.0016031071594625247,0.00019401599999999998,0.07221043109893799,-0.007181431632488966,0.048388671875,0.12934400000000001,0.9952979683876038,,,
710656,329,347,2153,239.53,195.34888028,0.0063794423,3460,1.212426245212555,-0.00010748179047368467,9.818283342610812e-05,0.0001937088,0.07176749408245087,0.001364310854114592,0.1337890625,0.1291392,0.9805343747138977,,,
712704,330,348,2157,214.35,165.66272171999998,0.006605723,3470,1.2136494517326355,-0.0059879531589103864,0.016940607473952696,0.0001934016,0.07211759686470032,0.005389095284044743,0.11328125,0.1289344,0.9795446991920471,,,
714752,330,349,2161,221.66,175.07761684000002,0.0041042836,3480,1.211091023683548,-0.0004966212523868308,0.0017632645918638445,0.00019309439999999997,0.07196582853794098,-0.004888575524091721,0.104345703125,0.1287296,0.9982572793960571,,,
716800,331,350,2165,201.75,155.37246340000002,0.0054703406,3490,1.215031710267067,-0.0018806564447004348,0.0010886576645134482,0.00019278719999999997,0.07164855301380157,0.012208860367536545,0.11005859375,0.1285248,0.9991486668586731,,,
718848,331,351,2169,193.67,146.18698540000003,0.0036839982,3500,1.2182284235954284,-0.0015781882291776128,0.00238418143344461,0.00019247999999999997,0.07147936522960663,-0.004965187516063452,0.07109375,0.12832,0.9966498017311096,,,
720000,,,,,,0.0038385624,3510,1.2193143337965011,-0.004533529009495396,0.0008664822831633501,0.0001921728,0.07157165557146072,0.0021373352501541376,0.08994140625,0.1281152,0.9992426037788391,101.2419697,127.0,
720896,331,352,2176,182.58,135.57377354,,,,,,,,,,,,,,1.6459476309894807
722944,331,353,2179,174.06,125.72713276,0.0024656947,3520,1.2140141010284424,-0.0032858437101822347,0.00017179694059450413,0.00019186559999999998,0.07222062349319458,-0.0013388220686465502,0.057763671875,0.1279104,0.9992111325263977,,,
724992,332,354,2183,136.74,86.88859799,0.00462959,3530,1.20945346057415,-0.00024155403662007302,0.00036680932989838764,0.00019155839999999999,0.0720464438199997,0.0016301954165101051,0.077001953125,0.1277056,0.9993160367012024,,,
727040,332,355,2186,135.87,86.87092096,0.0031942925,3540,1.210944813489914,-0.0034128341532777993,0.004376883758231998,0.0001912512,0.07213664799928665,-0.00010670104529708624,0.117529296875,0.12750080000000003,0.9920340776443481,,,
729088,332,356,2190,146.1,96.74783146,0.006750164,3550,1.2046065837144853,0.0017939708515768871,0.0068758224711928054,0.00019094399999999997,0.07288369536399841,-0.015016314573585987,0.075634765625,0.127296,0.9789916276931763,,,
731136,333,357,2194,164.94,116.48984064,0.009797176,3560,1.1993327915668488,-0.002832660247804597,0.00017355753807350992,0.0001906368,0.07291805744171143,0.004598069004714489,0.0755859375,0.12709120000000002,0.9997080564498901,,,
733184,333,358,2198,175.4,126.58729404000002,0.0046162787,3570,1.1989940702915192,-0.004116643648012541,0.0020136075669142882,0.00019032959999999997,0.07303515821695328,-0.007102807052433491,0.08642578125,0.1268864,0.9977450370788574,,,
735232,333,359,2202,186.65,136.65185076,0.0023720865,3580,1.199613666534424,-0.0010577197012025864,0.00016635483398204088,0.00019002239999999998,0.0727221891283989,-0.0007385958451777697,0.05634765625,0.1266816,0.9996414184570312,,,
737280,334,360,2206,181.78,128.01055793,0.004302341,3590,1.2010871589183807,-0.0022454953767010013,0.0013691293697775109,0.00018971519999999998,0.0729568600654602,0.0016447844682261348,0.110302734375,0.1264768,0.9985719919204712,,,
739328,334,361,2210,182.8,128.90082768000002,0.0060783667,3600,1.1994863122701644,0.002247377793537453,0.0010482518489880021,0.00018940799999999996,0.07284186780452728,0.0022221736144274473,0.13603515625,0.126272,0.9991056323051453,,,
740000,,,,,,0.0024545547,3610,1.2041232019662857,0.00038383658102247864,0.0009348971290819464,0.0001891008,0.07233061641454697,0.004294450860470533,0.05302734375,0.1260672,0.9976399540901184,501.4090429,525.4,
741376,332,362,2230,183.14,129.20372764000004,,,,,,,,,,,,,,1.6459476309894807
743424,332,363,2234,184.39,129.52279424,0.0027162856,3620,1.2091729909181594,-0.0025564169482095167,0.0009088347207580228,0.00018879359999999997,0.07212378829717636,-0.0006257380591705441,0.0662109375,0.12586239999999999,0.9991176128387451,,,
745472,333,364,2238,185.66,129.65667458000001,0.0051394776,3630,1.210461601614952,-0.001618689825409092,0.000879849519697018,0.00018848639999999997,0.07207400351762772,0.0013565042754635215,0.171630859375,0.12565759999999998,0.9992657899856567,,,
747520,333,365,2241,194.04,139.54075172,0.004534212,3640,1.2133692800998688,-0.0005814669042592868,0.0004808999909982958,0.0001881792,0.07167121022939682,-0.0006032034289091825,0.05986328125,0.12545280000000003,0.9983987212181091,,,
749568,333,366,2244,193.97,139.57350151999998,0.0025669741,3650,1.218882116675377,-0.00034773209772538395,0.0006916721431480255,0.000187872,0.07134801149368286,-0.0018188711255788803,0.059765625,0.12524800000000003,0.9975805282592773,,,
751616,334,367,2247,203.73,149.17748584,0.001988497,3660,1.22192622423172,-0.0001403355156071484,0.0018553422669356223,0.00018756479999999998,0.07121575623750687,-0.005388605408370495,0.064111328125,0.12504320000000002,0.9965763688087463,,,
753664,334,368,2251,211.26,158.39041425999997,0.0013619957,3670,1.2190003365278244,-0.0025326141694677062,7.213204547724672e-05,0.00018725760000000001,0.07199877500534058,-0.004153198096901178,0.0439453125,0.12483840000000002,0.998766303062439,,,
755712,335,369,2255,191.3,138.50043291000003,0.0038184063,3680,1.2099286317825317,-0.002543430047808215,0.0005936076788202627,0.00018695039999999996,0.07229853421449661,-0.0013031117850914598,0.068359375,0.1246336,0.9980926513671875,,,
757760,335,370,2259,210.76,158.20744783,0.0030076832,3690,1.207009845972061,-0.0021460258401930334,0.0008856201657181373,0.0001866432,0.07243112474679947,0.000190096499864012,0.069287109375,0.1244288,0.99896639585495,,,
759808,335,371,2262,198.97,147.71579760000003,0.0065279417,3700,1.2064619690179825,-0.005304851874097949,0.007642283858149313,0.000186336,0.07231146097183228,-0.00633464939892292,0.106396484375,0.124224,0.990290105342865,,,
760000,,,,,,0.002457183,3710,1.2058040171861648,-0.0009217564336722716,0.0013090058746456634,0.00018602879999999998,0.0726836547255516,0.0012687485432252288,0.07177734375,0.1240192,0.9983664155006409,200.911763,228.7,
761856,335,372,2273,218.92,167.58839619000005,,,,,,,,,,,,,,1.8928397756379027
763904,335,373,2276,208.7,157.45168857000002,0.0031364919,3720,1.2024441301822661,-0.0022617706868913955,0.000526135542713746,0.0001857216,0.07266353815793991,-0.00010204502905253321,0.07548828125,0.12381440000000002,0.9992743730545044,,,
765952,335,374,2280,227.46,177.03608527,0.0035723853,3730,1.205196538567543,-0.0008919812709791586,0.003489115315460367,0.00018541439999999996,0.07233104854822159,-0.010460477322340012,0.072802734375,0.12360959999999999,0.9840519428253174,,,
768000,336,375,2284,246.2,196.45184874999998,0.003894882,3740,1.209714835882187,0.00011518123355926945,0.0008839821213769028,0.0001851072,0.0720415860414505,0.00021113682305440307,0.073779296875,0.12340480000000001,0.6480177640914917,,,
770048,336,376,2288,253.15,205.61465768999997,0.00378177,3750,1.2092340409755706,-0.004252220668422524,0.0011717543722625124,0.0001848,0.07241271436214447,-0.007533300202339888,0.0705078125,0.1232,0.9967454075813293,,,
772096,336,377,2292,244.26,195.75152099000002,0.0041221497,3760,1.2061051070690154,-0.0020041076306370085,0.0007826254079191131,0.00018449279999999997,0.07240039110183716,0.0067426180467009544,0.072119140625,0.1229952,0.998124361038208,,,
774144,337,378,2296,208.4,157.11927025,0.0030855325,3770,1.205970999598503,-0.0005650946986861527,0.0005759132332968875,0.0001841856,0.0725347027182579,-0.01170221995562315,0.103759765625,0.12279040000000002,0.9991298913955688,,,
776192,337,379,2300,187.65,137.00242772999997,0.0035178051,3780,1.200742894411087,-0.0025152855581836776,0.0025562685303157197,0.00018387839999999998,0.07314325124025345,-0.003466794267296791,0.083544921875,0.12258559999999999,0.9969510436058044,,,
778240,337,380,2303,196.33,146.50536727,0.0023623744,3790,1.1948849320411683,0.0010608295735437423,0.0007321172852243762,0.00018357119999999998,0.07337848842144012,-0.004308039788156748,0.108203125,0.12238080000000001,0.9991226196289062,,,
780000,,,,,,0.004720335,3800,1.1985205382108688,-0.00420965145167429,0.0026997220018529335,0.00018326399999999999,0.07253383845090866,-0.011485060676932335,0.11708984375,0.122176,0.9909455180168152,101.90753099999999,126.9,
780288,337,381,2310,215.03,165.99282527,,,,,,,,,,,,,,1.8928397756379027
782336,338,382,2313,213.01,165.53571205999992,0.0032149893,3810,1.2030147552490233,-0.0009110962506383658,0.00011376909977798278,0.00018295679999999996,0.07286356389522552,0.014871521852910519,0.06220703125,0.1219712,0.9981378316879272,,,
784384,338,383,2317,168.13,117.16210878000001,0.0034316708,3820,1.2000673353672027,-0.0014293178741354496,0.0014212358735676389,0.0001826496,0.07287377864122391,-0.0032318001613020897,0.090966796875,0.12176640000000001,0.9981287121772766,,,
786432,338,384,2320,161.91,107.97298744,0.004533877,3830,1.2005527287721633,-0.0020500769198406486,0.001959950578020653,0.00018234239999999997,0.07282838970422745,0.0018964000046253204,0.099560546875,0.1215616,0.9968419671058655,,,
788480,339,385,2324,152.42,98.30682836,0.002215258,3840,1.200034686923027,-0.004795353004010394,0.002589050495589618,0.00018203519999999997,0.07294081896543503,-0.012866373173892498,0.08154296875,0.1213568,0.9965856671333313,,,
790528,339,386,2328,165.25,108.61536456999998,0.0025364882,3850,1.1968959718942642,-0.0016717698250431567,0.0004509965869146981,0.000181728,0.07328072190284729,-0.00402525719255209,0.138037109375,0.12115200000000002,0.9996294379234314,,,
792576,339,387,2332,171.78,117.97923517000001,0.0029598707,3860,1.1983852624893188,-0.0002381830010563135,0.0015053917108161841,0.00018142079999999996,0.07262325286865234,0.0058050923980772495,0.102392578125,0.12094719999999999,0.9971062541007996,,,
794624,340,388,2336,201.61,147.06287265,0.0018011753,3870,1.204575526714325,-0.0012329211225733162,0.00024673831067048015,0.0001811136,0.07246553152799606,0.00354997580870986,0.053564453125,0.12074240000000001,0.9994673132896423,,,
796672,340,389,2340,201.4,147.07049007,0.0031249556,3880,1.2065946370363236,-0.003245831190724857,0.0010578157140116672,0.0001808064,0.0723317414522171,-0.0007824386120773852,0.094482421875,0.12053760000000001,0.9989530444145203,,,
798720,340,390,2344,212.1,157.06600040000004,0.0016174682,3890,1.2054567337036133,-0.0020274994487408547,0.0008628938080619264,0.0001804992,0.07270252704620361,-0.010426511988043785,0.05947265625,0.1203328,0.9937072992324829,,,
800000,,,,,,0.0025044847,3900,1.202526393532753,-0.00036063637235201896,0.0006761471264326247,0.000180192,0.072698675096035,0.006352866534143686,0.064013671875,0.12012800000000001,0.9979734420776367,298.48519580000004,321.2,
800768,339,391,2357,194.6,137.81505072,,,,,,,,,,,,,,1.8928397756379027
802816,339,392,2361,203.61,147.58376559,0.0035377364,3910,1.2009646892547607,-0.0048902364971581845,0.006383309865486808,0.00017988479999999995,0.07290667295455933,-0.007241637911647558,0.07978515625,0.1199232,0.9931862354278564,,,
804864,340,393,2365,210.0,156.85356125,0.00339175,3920,1.1981719613075257,0.0004484199394937605,4.3368208804395183e-05,0.00017957759999999998,0.07313656806945801,-2.2546195395989344e-05,0.118310546875,0.1197184,-2.7656731605529785,,,
806912,340,394,2369,221.57,167.01601159,0.0023341677,3930,1.1928900092840196,-0.00290449242311297,0.0014084988455579151,0.00017927039999999998,0.07372661679983139,0.007572369650006294,0.072216796875,0.1195136,0.9979538917541504,,,
808960,340,395,2373,240.54,186.55432104,0.0031207944,3940,1.1895592927932739,0.00022632628970313816,0.0013150861705071293,0.0001789632,0.07351190596818924,-0.007322107441723347,0.078857421875,0.11930879999999999,0.9979982972145081,,,
811008,341,396,2377,248.2,196.22119671999997,0.0011854873,3950,1.191939690709114,-0.003983702397090383,0.0005002411196983303,0.00017865600000000002,0.07344888895750046,-0.007205422036349773,0.10048828125,0.11910400000000002,0.9992364048957825,,,
813056,341,397,2380,258.81,206.11855609000003,0.0015784805,3960,1.1926697552204133,0.0003845262952381745,0.0006632403674302623,0.0001783488,0.07336369156837463,0.0007988142315298319,0.056591796875,0.11889920000000001,0.9986270070075989,,,
815104,341,398,2384,230.36,176.43352206999995,0.00472717,3970,1.1906655311584473,-0.0044248492748010905,0.002684176233015023,0.00017804159999999997,0.07376457750797272,0.013932062312960625,0.120068359375,0.1186944,0.9968138933181763,,,
817152,342,399,2388,211.5,157.67867861,0.00293225,3980,1.1852737486362457,-0.0021283480193233116,0.0049293382238829505,0.00017773439999999998,0.07424046099185944,-0.007918013259768486,0.11044921875,0.1184896,0.9930847883224487,,,
819200,342,400,2393,221.83,167.38124862,0.0027790882,3990,1.1820839285850524,-0.0004968669731169939,0.004562611943401862,0.00017742719999999998,0.07410050928592682,-0.00329894688911736,0.11181640625,0.1182848,0.9884207844734192,,,
820000,,,,,,0.002517546,4000,1.1825790792703628,-0.0011203087284229695,0.0006735762721291394,0.00017711999999999998,0.07422182708978653,-0.013579558581113815,0.088134765625,0.11808000000000002,0.9987828731536865,200.3564202,224.1,
821248,341,401,2403,211.29,157.73511778,,,,,,,,,,,,,,1.8928397756379027
823296,341,402,2408,183.18,128.45548058999998,0.0043099755,4010,1.1817534655332564,-0.006857451400719583,0.0020866393992037048,0.0001768128,0.07418698817491531,-0.007829270325601101,0.14423828125,0.11787520000000001,0.9978203177452087,,,
825344,342,403,2412,192.64,138.12146177,0.0035803532,4020,1.1817648112773895,0.0010151863447390498,0.006603413027187343,0.0001765056,0.0743267834186554,-0.006488004233688116,0.0884765625,0.11767040000000001,0.990691065788269,,,
827392,342,404,2417,200.59,147.68228835000002,0.002411517,4030,1.1795599550008773,0.0015891956893028692,0.00928353795025032,0.0001761984,0.07445364445447922,0.007558237761259079,0.079443359375,0.11746560000000002,0.9871096014976501,,,
829440,342,405,2421,200.81,147.54016305,0.0023395524,4040,1.181953290104866,0.001304281470947899,0.00023670753785154375,0.00017589119999999997,0.07402665168046951,-0.00141505291685462,0.06416015625,0.1172608,0.9940856099128723,,,
831488,342,406,2425,190.45,137.71388342999998,0.0030293176,4050,1.1846403121948241,0.0004338613711297512,0.006039494046126493,0.000175584,0.0740223079919815,-0.000951200257986784,0.090625,0.11705600000000001,0.987994909286499,,,
833536,342,407,2430,180.99,128.16177876,0.0032207058,4060,1.1842443257570268,-0.0011681338190101087,0.006527449167333543,0.00017527679999999998,0.07410519570112228,-0.0063413456082344055,0.10263671875,0.1168512,0.9933323860168457,,,
835584,343,408,2434,210.21,157.84090682000001,0.0023721508,4070,1.1854849487543107,-0.0011407169949961826,0.0005374749704060378,0.00017496959999999999,0.07373623549938202,-0.0029184510931372643,0.06123046875,0.1166464,0.9993818402290344,,,
837632,343,409,2438,208.46,157.40524652,0.0018229567,4080,1.1904874444007874,-0.0010842196934390813,0.0010487062925676582,0.0001746624,0.07340098917484283,5.437145591713488e-05,0.078857421875,0.11644160000000002,0.9989628791809082,,,
839680,343,410,2442,226.78,177.11398265999998,0.0036743786,4090,1.1908099055290222,-0.002183270172099583,0.0008217837308620801,0.00017435519999999997,0.07376955449581146,0.009920038282871246,0.069189453125,0.11623679999999999,0.9987676739692688,,,
840000,,,,,,0.00089271204,4100,1.1896774113178252,-0.0013938078307546675,0.00029626676869156656,0.000174048,0.07340671122074127,0.0007487164111807942,0.032763671875,0.11603200000000001,0.9990367293357849,498.41790430000003,520.3,
841728,342,411,2461,207.38,157.69018256,,,,,,,,,,,,,,1.8928397756379027
843776,342,412,2465,225.42,177.15479008999998,0.0050290767,4110,1.197334063053131,-0.0029752367292530833,0.00044200588345120193,0.00017374079999999997,0.07269075512886047,-0.0027385742869228125,0.10966796875,0.1158272,0.9982218742370605,,,
845824,342,413,2469,179.25,128.66101691,0.0033284605,4120,1.2023974895477294,-0.001763320597819984,0.001111787734043901,0.00017343359999999998,0.07280638068914413,0.0071794819086790085,0.1259765625,0.1156224,0.9984962344169617,,,
847872,342,414,2474,171.25,118.9409131,0.0038100248,4130,1.2011130839586257,-0.0026449713681358845,0.00949742603697814,0.0001731264,0.07276766002178192,0.0008662432665005326,0.12119140625,0.11541760000000001,0.9827643632888794,,,
849920,342,415,2478,141.48,89.25515818,0.0035845793,4140,1.2023458570241927,-0.0034626602282514796,0.0012677121980232187,0.0001728192,0.07268358021974564,0.002497847191989422,0.129345703125,0.1152128,0.9980041980743408,,,
851968,343,416,2483,142.07,89.30780611999998,0.003410926,4150,1.20195814371109,0.00032035041658673435,0.008970291566220112,0.000172512,0.07280196994543076,0.007870148867368698,0.110546875,0.115008,0.9831458330154419,,,
854016,343,417,2487,169.86,118.55594354,0.0038992097,4160,1.1977308958768844,-0.0013501965964678674,0.00019424134325163323,0.00017220480000000002,0.07345226407051086,-0.003637877758592367,0.09462890625,0.11480320000000002,0.9946274161338806,,,
856064,343,418,2491,180.9,128.62287744999998,0.002131905,4170,1.1914776921272279,-0.0012165616019046866,0.0008217440703447209,0.00017189759999999997,0.07355194538831711,-0.007418451830744743,0.0662109375,0.11459839999999999,0.9975243806838989,,,
858112,343,419,2495,172.38,118.79713867000001,0.0022738767,4180,1.193877211213112,-0.0006341360276564956,0.0026752868645417037,0.0001715904,0.07301795482635498,0.0007870643748901784,0.05498046875,0.11439360000000001,0.987538754940033,,,
860000,,,,,,0.0024753637,4190,1.1984211593866347,0.0005649499755236321,0.00047871954393485794,0.00017128319999999998,0.07301722466945648,-0.004531113896518946,0.057763671875,0.11418880000000001,0.9984696507453918,294.2083233,321.4,
860160,342,420,2508,156.63,99.27895794,,,,,,,,,,,,,,1.8928397756379027
862208,343,421,2512,157.8,99.51297106,0.002322793,4200,1.1985887795686723,-0.00031946472299750896,0.0014333538856590167,0.00017097599999999998,0.07292560487985611,0.005109612829983234,0.112646484375,0.113984,0.9966254830360413,,,
864256,343,422,2516,157.3,99.43064229000001,0.004000129,4210,1.201055046916008,-0.002974246145458892,0.0006947977359232027,0.00017066880000000002,0.07264919579029083,0.00029345316579565406,0.10166015625,0.11377920000000002,0.9990400075912476,,,
866304,343,423,2520,184.26,128.60687939,0.0026592808,4220,1.205720317363739,-0.0034206431882921606,6.940183873211936e-05,0.00017036159999999996,0.0722818672657013,-0.011277928948402405,0.060498046875,0.11357439999999999,0.9998098611831665,,,
868352,344,424,2523,192.06,138.1401175,0.0046451953,4230,1.2079672634601593,-0.0004427786829182878,0.0014883799412928056,0.0001700544,0.07237114012241364,0.01105479896068573,0.13525390625,0.11336960000000001,0.9974529147148132,,,
870400,344,425,2527,221.42,167.55896157999996,0.0036289082,4240,1.2110156297683716,-0.00030296781624201686,0.00043106785233248957,0.00016974719999999997,0.07167963683605194,-0.001590898958966136,0.063916015625,0.11316480000000001,0.9919561147689819,,,
872448,344,426,2531,220.86,167.21254505999997,0.002213221,4250,1.2155109137296676,0.0016731607727706432,0.0016112482440803432,0.00016943999999999998,0.07190433889627457,0.003941361326724291,0.083056640625,0.11296,0.9953809380531311,,,
874496,344,427,2535,170.59,117.85425363999997,0.0032680244,4260,1.2140878915786744,-0.0012036390660796314,0.0005998797445499804,0.0001691328,0.07175637781620026,0.0012006432516500354,0.08642578125,0.11275520000000001,0.9992409348487854,,,
876544,345,428,2538,161.48,108.28930302999999,0.0031725774,4270,1.2123819500207902,-0.0009011156333144754,0.002350802252476569,0.00016882559999999996,0.072252057492733,-0.0004392736009322107,0.096533203125,0.1125504,0.9947205185890198,,,
878592,345,429,2542,161.47,108.24483627,0.005791884,4280,1.2058401614427567,-0.002309851709287614,0.0004873823007073952,0.0001685184,0.07262065261602402,-0.009011469781398773,0.088134765625,0.1123456,0.9996225237846375,,,
880000,,,,,,0.0033439929,4290,1.2052477955818177,-0.0002762267016805708,0.00015811159246368334,0.00016821119999999997,0.07224559783935547,0.002719343639910221,0.046484375,0.1121408,0.9995494484901428,298.2762237,321.6,
880640,344,430,2555,191.32,138.15479887,,,,,,,,,,,,,,1.8928397756379027
882688,345,431,2558,200.71,148.19405236,0.0046300534,4300,1.211021926999092,-0.0027117476405692288,0.0010442572835017926,0.00016790399999999997,0.07185493409633636,-0.003141595283523202,0.109716796875,0.111936,0.9988122582435608,,,
884736,345,432,2561,156.54,99.68617379000003,0.0022090825,4310,1.2123156547546388,-0.00011991502251476049,0.0009306636771725607,0.0001675968,0.07218821346759796,0.0006984284846112132,0.091455078125,0.11173120000000002,0.9988558888435364,,,
886784,345,433,2564,151.28,90.69296741000002,0.0032268353,4320,1.207824045419693,-0.00023285348142962903,0.0016605261622316902,0.00016728959999999998,0.07239536941051483,-0.002227088902145624,0.096484375,0.11152640000000001,0.9974762201309204,,,
888832,346,434,2567,152.77,90.72007312000001,0.003798368,4330,1.2080067247152328,-0.0014086741692153737,0.0026028093700006137,0.00016698239999999998,0.07220163941383362,0.0035167019814252853,0.122021484375,0.1113216,0.9945456981658936,,,
890880,346,435,2571,155.73,91.22328891000001,0.0027323647,4340,1.209136950969696,-0.002373540331609547,0.0003316724112664815,0.0001666752,0.07230205088853836,-0.005499791819602251,0.10224609375,0.11111680000000002,0.9996631145477295,,,
892928,346,436,2575,130.14,62.07401111000001,0.0028604388,4350,1.2096107244491576,0.002395716158207506,0.0004483138576688361,0.00016636799999999996,0.07206687331199646,0.0009111860417760909,0.15576171875,0.110912,0.9993560910224915,,,
894976,346,437,2579,126.31,53.03900257,0.005695583,4360,1.212130570411682,-0.0020929042308125644,0.0019215407432056964,0.0001660608,0.07190259546041489,0.007040722761303186,0.12763671875,0.1107072,0.9778308868408203,,,
897024,347,438,2582,127.99,53.43396719,0.0036589224,4370,1.2124514430761337,6.29662798019126e-05,0.003949572799319867,0.0001657536,0.07209298014640808,-0.0010159913217648864,0.114208984375,0.1105024,0.9954023957252502,,,
899072,347,439,2586,125.94,52.94741945,0.0017691171,4380,1.2109515160322188,-0.00298008477257099,0.007533395914651919,0.00016544639999999998,0.07204953581094742,0.006161415483802557,0.087451171875,0.1102976,0.9839801788330078,,,
900000,,,,,,0.0024220762,4390,1.2097761452198028,-7.56713270675391e-06,0.0035471460680128073,0.0001651392,0.07234001904726028,-0.002590702148154378,0.114794921875,0.11009280000000002,0.9960941076278687,399.7929047,423.6,
901120,346,440,2601,136.37,62.856136549999995,,,,,,,,,,,,,,1.8928397756379027
903168,346,441,2605,156.19,82.65929444000001,0.0027638308,4400,1.2082235246896744,-0.0018260359298437833,0.0006289017226663418,0.00016483199999999996,0.07214847952127457,0.003782899584621191,0.107373046875,0.10988799999999999,0.9993624687194824,,,
905216,346,442,2609,156.76,82.87085689999999,0.0019963754,4410,1.2089923024177551,-0.00013153597246855496,0.0010504493740882026,0.0001645248,0.07235333323478699,0.006084889639168978,0.118701171875,0.10968320000000001,0.9982466697692871,,,
907264,347,443,2613,157.61,83.21389113999997,0.0026877774,4420,1.206692072749138,-0.0004886947033810429,0.0008279814617708325,0.0001642176,0.07241635769605637,-0.0026457260828465223,0.1021484375,0.1094784,0.9988227486610413,,,
909312,347,444,2616,166.75,92.70410982999998,0.0014559103,4430,1.207833284139633,-0.002140640706056729,0.0006984398887652787,0.00016391039999999997,0.07225171476602554,0.00608461769297719,0.092529296875,0.1092736,0.9992635846138,,,
911360,347,445,2619,173.75,102.07215753,0.0025429493,4440,1.2103868544101715,-0.0007365113822743296,0.0020865616170340218,0.0001636032,0.07194004207849503,0.0050572664476931095,0.095556640625,0.10906880000000002,0.9969332814216614,,,
913408,348,446,2622,185.45,120.48795470999998,0.002591731,4450,1.2151335239410401,-0.0015709105296991765,0.0006107977238571039,0.000163296,0.07162889838218689,0.00018687715055420995,0.091748046875,0.10886400000000002,0.9993135929107666,,,
915456,348,447,2626,193.86,130.09825865,0.0028481018,4460,1.217433401942253,-0.0017848202463937924,0.0025648172173532656,0.00016298879999999998,0.07164741307497025,-0.0023308689706027508,0.10029296875,0.10865920000000001,0.9974160194396973,,,
917504,348,448,2629,201.8,139.52587404,0.0019852254,4470,1.2208150953054429,-0.0018370907695498318,0.002757551801187219,0.00016268159999999998,0.07106468081474304,-0.0007926944526843727,0.08388671875,0.1084544,0.9939541220664978,,,
919552,349,449,2634,204.08,139.86894662999998,0.0016561351,4480,1.227862149477005,-0.0019197385350707918,0.00036486026624515944,0.00016237439999999996,0.07073989510536194,-0.0030331886373460293,0.061865234375,0.1082496,0.9992102980613708,,,
920000,,,,,,0.0028535877,4490,1.2299480766057969,-0.0023821371316444127,0.0012520238378783688,0.0001620672,0.07072224467992783,-0.007789106573909521,0.0921875,0.10804480000000001,0.998862624168396,99.1890777,127.2,
921600,348,450,2641,203.09,139.79129651,,,,,,,,,,,,,,1.8928397756379027
923648,349,451,2645,200.81,139.14372478,0.0032546187,4500,1.2312129437923431,-0.00022049494727980346,0.000231986551261798,0.00016176,0.07050442695617676,-0.0020031407475471497,0.0970703125,0.10784,0.9997543692588806,,,
925696,349,452,2648,212.57,149.392144,0.0014082136,4510,1.2333938002586364,0.0007391776176518761,0.003911283845081925,0.00016145279999999997,0.07042519748210907,0.012800280936062336,0.110107421875,0.1076352,0.9881144762039185,,,
927744,349,453,2652,210.79,148.06815182,0.002986751,4520,1.236628395318985,-5.421240639407188e-05,0.005109741279738955,0.0001611456,0.07002617418766022,0.00797391775995493,0.062255859375,0.10743040000000002,0.9920760989189148,,,
929792,350,454,2656,211.87,147.29918465999998,0.0026266542,4530,1.2416937619447708,-0.00343204862147104,0.00892858940642327,0.00016083839999999995,0.06974661350250244,0.0004145018756389618,0.078076171875,0.10722559999999999,0.9870873689651489,,,
931840,350,455,2660,219.78,155.94525400000003,0.0027733832,4540,1.244424080848694,0.00033775874762795863,0.0013833593064191518,0.00016053119999999999,0.0697096586227417,-0.00022087921388447285,0.0689453125,0.10702080000000001,0.9977720379829407,,,
933888,350,456,2664,213.07,146.79503296,0.00332865,4550,1.240964162349701,-0.002809656377939973,0.0014625544670707313,0.000160224,0.07022015750408173,-0.005676278844475746,0.078076171875,0.10681600000000001,0.9968622922897339,,,
935936,350,457,2667,224.76,157.0398554,0.0019219012,4560,1.2356208920478822,-8.866286661941558e-05,0.001092851522116689,0.00015991679999999997,0.07040408998727798,-0.0018089679069817066,0.07734375,0.1066112,0.998941957950592,,,
937984,351,458,2671,223.38,156.87613574,0.0033689192,4570,1.2333204656839372,-0.0006686219698167406,0.002483244864561129,0.0001596096,0.0705961287021637,0.0035776239819824696,0.095947265625,0.10640640000000001,0.9967442154884338,,,
940000,,,,,,0.0025558253,4580,1.2308876544237137,-0.0024464141606586054,0.00027989933232674957,0.00015930239999999997,0.0707232877612114,-0.003238235367462039,0.081982421875,0.1062016,0.9995832443237305,492.06506150000007,527.0,
940032,349,459,2689,214.35,147.40362038,,,,,,,,,,,,,,1.8928397756379027
942080,349,460,2693,214.35,147.40362038,0.0041311523,4590,1.229971694946289,0.0005838198150740937,0.004253874544519931,0.00015899519999999998,0.07069467753171921,0.004181206692010164,0.15107421875,0.1059968,0.9940200448036194,,,
944128,350,461,2696,240.96,176.27166299,0.00072272244,4600,1.228418007493019,0.0009471195167861879,2.6060442883135694e-05,0.00015868799999999998,0.07094543427228928,-0.0015914347022771835,0.053466796875,0.105792,0.5317875146865845,,,
946176,350,462,2700,222.01,156.78662371,0.0008758037,4610,1.2292347818613052,-0.00010211967746727168,0.0006187346139995498,0.00015838079999999999,0.07055939733982086,0.004870643373578787,0.0337890625,0.10558719999999999,0.9985929727554321,,,
948224,350,463,2704,202.11,136.99893515000002,0.002557199,4620,1.2352649718523026,-0.0011224440735531972,0.0011139440852275585,0.0001580736,0.07021443545818329,-0.006983742583543062,0.090966796875,0.10538240000000001,0.9987403154373169,,,
950272,350,464,2708,202.91,140.29246510000002,0.002171507,4630,1.2376821845769883,-0.0015340195212047547,0.00016168769370779047,0.0001577664,0.07015230506658554,-0.006947543937712908,0.14453125,0.10517760000000001,0.9997237920761108,,,
952320,351,465,2712,193.73,130.57252083,0.0022048675,4640,1.240515798330307,-0.0015919354395009578,0.002906873011670541,0.0001574592,0.06971833854913712,0.0013493011938408017,0.077587890625,0.1049728,0.9954054355621338,,,
954368,351,466,2716,199.62,139.69351544,0.0025998282,4650,1.2434145152568816,-0.0010058656509499997,0.0006351828429615125,0.00015715199999999998,0.06992113590240479,-0.0007621661061421037,0.068505859375,0.104768,0.9992014765739441,,,
956416,351,467,2720,199.26,139.72762593,0.003043021,4660,1.2413366436958313,-0.0017696839029667899,0.0017012246724334545,0.00015684479999999998,0.06990937143564224,-0.004919196479022503,0.098193359375,0.1045632,0.9984638690948486,,,
958464,351,468,2723,218.87,159.32833856999997,0.002646948,4670,1.2405851364135743,-0.0004621578613296151,0.0004343761347627151,0.00015653759999999998,0.07010731101036072,0.0029751132242381573,0.087646484375,0.10435840000000002,0.9994103312492371,,,
960000,,,,,,0.0007967664,4680,1.2378882944583893,-0.000881494530767668,0.00016709178535165848,0.0001562304,0.07020062208175659,-0.004183975048363209,0.075390625,0.10415360000000001,0.9997391700744629,394.87701469999996,423.5,
960512,350,469,2738,204.29,140.49478239,,,,,,,,,,,,,,1.8928397756379027
962560,351,470,2741,212.74,150.24690674,0.0024584692,4690,1.2390057772397995,-0.0015764072857564315,0.0010094904977449915,0.0001559232,0.06993754208087921,0.0013572376919910312,0.114013671875,0.10394880000000001,0.9981307983398438,,,
964608,351,471,2744,194.16,130.86059425999997,0.0016442803,4700,1.2422029733657838,0.00044328703952487556,0.00033069060746129255,0.000155616,0.06985252350568771,-0.0024203441571444273,0.1453125,0.10374400000000002,0.9992864727973938,,,
966656,351,472,2748,202.96,140.69276467,0.0027978576,4710,1.2433524996042251,-0.0013135653949575498,0.0005026232896852889,0.00015530879999999997,0.06975646317005157,-0.0064454092644155025,0.07255859375,0.1035392,0.9994300603866577,,,
968704,351,473,2752,212.66,150.62626161,0.0029605527,4720,1.244664904475212,-0.000722139491699636,0.0013492265446984676,0.0001550016,0.06960605829954147,-0.0027357558719813824,0.10615234375,0.1033344,0.9981109499931335,,,
970752,352,474,2756,221.5,159.95110207000002,0.005967524,4730,1.2471614211797715,-0.0005534171737963334,2.3158809648293753e-05,0.00015469439999999998,0.06942600011825562,-0.0037077339366078377,0.178369140625,0.1031296,0.9997982382774353,,,
972800,352,475,2760,213.0,150.32316328000002,0.0017440924,4740,1.2526929557323456,-0.0005741214321460575,0.004306495214405004,0.00015438719999999998,0.06881836801767349,-0.0013962347293272614,0.075048828125,0.1029248,0.9916059970855713,,,
974848,352,476,2763,240.82,178.5783074,0.0014502227,4750,1.2590245693922042,-0.00038919053185964,0.0016244771089986899,0.00015408000000000002,0.06860311329364777,-0.004462081007659435,0.0427734375,0.10272000000000002,0.994105339050293,,,
976896,352,477,2767,244.57,179.45228443000005,0.0020282948,4760,1.2610020011663436,-0.0027410498063545675,0.004531379534455482,0.00015377279999999997,0.06849756836891174,0.0016097077168524265,0.075732421875,0.10251519999999999,0.9921214580535889,,,
978944,353,478,2771,238.99,169.35652239000004,0.0028244678,4770,1.2583769679069519,-0.0034973213943885638,0.0044097164252889344,0.0001534656,0.06903692334890366,-0.009553601033985615,0.09990234375,0.10231040000000001,0.9931620955467224,,,
980000,,,,,,0.0025198373,4780,1.255248099565506,0.0005257245793472975,0.007110750317224301,0.00015315839999999997,0.0688696801662445,-0.0014045608695596457,0.06318359375,0.1021056,0.9917061924934387,298.72386079999995,320.9,
980992,352,479,2783,238.99,169.35652239000004,,,,,,,,,,,,,,1.8928397756379027
983040,352,480,2786,263.89,196.90510609999998,0.0019666539,4790,1.2606852054595947,0.002027656539576128,0.00039106005688154254,0.00015285119999999998,0.06828039884567261,0.0018497046548873186,0.04150390625,0.1019008,0.7218011617660522,,,
985088,352,481,2790,240.83,176.77359228000006,0.0012790131,4800,1.2634572565555573,-0.0006652762473095209,0.001327795175893698,0.000152544,0.06862333416938782,0.0025513817090541124,0.07138671875,0.10169600000000001,0.9976378679275513,,,
987136,353,482,2794,228.08,158.70694770999998,0.0024595505,4810,1.2603771209716796,-0.0004495421118917875,0.008284258627099916,0.00015223679999999999,0.06850898265838623,-0.0015663173981010914,0.115869140625,0.1014912,0.9834333658218384,,,
989184,353,483,2797,228.08,158.70694770999998,0.0032035336,4820,1.2630799472332002,-0.000153295902418904,0.011223542143125088,0.0001519296,0.06835886090993881,0.00452819000929594,0.099853515625,0.1012864,0.9863189458847046,,,
991232,353,484,2801,244.57,175.60658401,0.00048758564,4830,1.2661667108535766,0.0016370494151487947,5.0309949574511845e-05,0.00015162240000000002,0.06813442707061768,0.0008630979573354125,0.084521484375,0.10108160000000002,-0.4563487768173218,,,
993280,354,485,2805,235.72,166.18331149999995,0.004445583,4840,1.2671638190746308,-0.0010392497177235782,0.02073448454029858,0.00015131519999999997,0.06821127980947495,0.01562146283686161,0.141357421875,0.10087679999999999,0.976432204246521,,,
995328,354,486,2808,244.75,173.86041751000002,0.00093023106,4850,1.268076953291893,-0.0009325831662863493,0.005542730400338769,0.000151008,0.06792688369750977,-0.0006761295953765512,0.062158203125,0.10067200000000001,0.9840148687362671,,,
997376,354,487,2812,253.03,182.82855611,0.00078931265,4860,1.2697170406579972,-0.00025312951765954494,0.0008637662472665397,0.00015070079999999998,0.06805896759033203,-0.003910648636519909,0.0318359375,0.1004672,0.994416356086731,,,
999424,354,488,2816,261.54,192.54824858,0.0011054742,4870,1.2671176016330719,0.0017893940152134747,0.017983746397658252,0.00015039359999999998,0.06827041506767273,-0.0033619676250964403,0.069287109375,0.1002624,0.9448586702346802,,,
1000000,,,,,,0.0009027481,4880,1.26626698076725,0.0012389035022351892,0.0009263964881938592,0.00015008640000000001,0.06803779304027557,-0.006949541158974171,0.0248046875,0.10005760000000002,0.9630864262580872,300.74252060000003,321.7,
1001472,354,489,2828,269.13,201.54103941999995,,,,,,,,,,,,,,1.8928397756379027
1003520,354,490,2832,267.45,200.20386635999995,0.00073052745,4890,1.2681668072938919,0.0005085111217340455,0.01670013027032837,0.0001497792,0.06814476102590561,0.002846203278750181,0.037255859375,0.09985280000000002,0.9444531202316284,,,
1005568,354,491,2836,283.09,218.14650054999996,0.0021096643,4900,1.2695561707019807,0.0010210695880232378,0.0010701196573791095,0.000149472,0.06781797856092453,-0.001789711182937026,0.043603515625,0.09964800000000001,0.9776211380958557,,,
1007616,354,492,2839,292.48,227.16168028,0.0011372142,4910,1.2700384706258774,0.0018799593264702708,0.01605550241074525,0.00014916479999999997,0.06809940189123154,0.004025629721581936,0.066748046875,0.09944320000000001,0.9402521252632141,,,
1009664,355,493,2843,308.56,246.76873753,0.0028001023,4920,1.2672536373138428,-0.0007008119311649353,0.00306156148944865,0.00014885759999999998,0.06820560246706009,0.0010896134190261364,0.03701171875,0.0992384,0.9798439741134644,,,
1011712,355,494,2847,297.29,236.82191419000003,0.001781031,4930,1.266296201944351,-0.0004949893918819726,0.008769744326127694,0.0001485504,0.06817742437124252,0.0047559612430632114,0.097509765625,0.09903360000000001,0.9870580434799194,,,
1013760,355,495,2850,308.62,245.40407683000004,0.0012397144,4940,1.2650860100984573,-0.00020020818046759815,0.0014515105165628483,0.00014824319999999998,0.06844277679920197,-0.0052747344598174095,0.04912109375,0.09882880000000001,0.9933356642723083,,,
1015808,355,496,2854,307.39,245.51821844000003,0.00182406,4950,1.262645223736763,-0.0002819182787789032,0.005842392795602791,0.000147936,0.06840091943740845,-0.001094176433980465,0.06044921875,0.098624,0.9869687557220459,,,
1017856,356,497,2858,335.59,272.36408929000004,0.002055402,4960,1.264131087064743,-0.0006364736356772483,0.002838770223024767,0.0001476288,0.06830788403749466,-0.005279074423015118,0.041943359375,0.0984192,0.9884963631629944,,,
1019904,356,498,2861,343.87,280.73431642,0.0023435066,4970,1.2640518456697465,-0.00048425701243104413,0.04102934043621644,0.00014732159999999997,0.06840791553258896,0.006300042383372784,0.092333984375,0.0982144,0.9201288223266602,,,
1020000,,,,,,0.0019324686,4980,1.2626117527484895,-0.0019255017541581765,0.0032761031689005904,0.0001470144,0.06856977194547653,0.004707234911620617,0.05751953125,0.09800960000000002,0.991046667098999,298.1318247,321.0,
1021952,355,499,2873,351.2,289.12093496,,,,,,,,,,,,,,1.8928397756379027
1024000,355,500,2877,365.91,306.87958334,0.0010673818,4990,1.263616481423378,-0.0006308907322818413,0.0035917539942602163,0.0001467072,0.06816026568412781,-0.00477572763338685,0.062548828125,0.09780480000000001,0.9745200872421265,,,
1026048,356,501,2881,364.72,306.52131573,0.0024835605,5000,1.2678048938512803,0.0004910479299724102,0.011273595641250722,0.00014639999999999998,0.0681263878941536,0.004560207948088646,0.08564453125,0.0976,0.9445058703422546,,,
1028096,356,502,2884,373.16,315.89678876,0.001253992,5010,1.2684480041265487,-0.0019170783052686602,0.005289413950231392,0.00014609279999999998,0.06800096482038498,0.007447667885571718,0.108837890625,0.0973952,0.9293733239173889,,,
1030144,356,503,2888,333.35,278.2282217099999,0.00069621025,5020,1.2680744022130965,0.002556446968810633,0.0008982400098830112,0.00014578560000000002,0.06820670515298843,-0.005979455076158047,0.052197265625,0.09719040000000001,0.9885735511779785,,,
1032192,356,504,2892,278.23,222.54778462000004,0.0016426852,5030,1.2650331377983093,-0.0012181891623185947,0.028846097679343076,0.0001454784,0.06834350526332855,0.011040016077458858,0.103125,0.0969856,0.9679295420646667,,,
1034240,357,505,2895,289.25,231.90751104999995,0.0018046745,5040,1.2652215480804443,-0.00037486013607122,0.02820637299446389,0.0001451712,0.06818234920501709,0.03069819137454033,0.101708984375,0.0967808,0.9685423374176025,,,
1036288,357,506,2898,279.19,221.04798418000001,0.0010073431,5050,1.2680659919977189,0.0001665052433963865,0.009675230126595125,0.00014486399999999997,0.0679975301027298,-0.0012663248926401138,0.066796875,0.096576,0.9796589016914368,,,
1038336,357,507,2901,288.78,230.10729396,0.0012329967,5060,1.2657166063785552,-0.0008005875046364963,0.005901549388363491,0.00014455679999999998,0.06852162629365921,-0.004351948853582144,0.04150390625,0.09637119999999999,0.9727345108985901,,,
1040000,,,,,,0.0011023657,5070,1.26119324862957,-0.0009969403152354061,0.004233043409476523,0.0001442496,0.06851887702941895,-0.00022277282550930977,0.044921875,0.09616640000000001,0.9876155257225037,202.8163061,230.8,
1040384,357,508,2911,277.3,221.63997951999997,,,,,,,,,,,,,,1.8928397756379027
1042432,357,509,2914,267.62,211.53336703000002,0.0016369403,5080,1.2601917833089828,5.408517899923027e-05,0.03140759661328048,0.00014394239999999999,0.06878605484962463,0.0022847531363368034,0.072119140625,0.09596160000000001,0.9627708196640015,,,
1044480,357,510,2918,287.04,231.03467897,0.001699755,5090,1.2584984213113786,-0.0011882161648827604,0.0014112379105426954,0.0001436352,0.06867603212594986,-0.0011574669042602181,0.07939453125,0.0957568,0.9941623210906982,,,
1046528,358,511,2922,288.53,232.22515102999995,0.001755331,5100,1.257076120376587,0.0001251095673069358,0.0024995483458042146,0.00014332799999999997,0.06900154054164886,0.007126642856746912,0.04892578125,0.095552,0.9887106418609619,,,
1048576,358,512,2926,297.09,241.67090578000003,0.0019370484,5110,1.2562550961971284,0.0005822325882036238,0.009103523063822649,0.0001430208,0.06874680519104004,0.002021010499447584,0.062158203125,0.09534720000000002,0.9747334718704224,,,
1050624,358,513,2930,278.21,223.68755122,0.0014092977,5120,1.2575908958911897,-0.003437552831019275,0.00701531005470315,0.0001427136,0.06889250874519348,-0.0037453644908964634,0.05556640625,0.09514240000000002,0.977058470249176,,,
1052672,358,514,2934,268.1,214.40450882000002,0.0021010248,5130,1.256585642695427,-0.0016511736146640032,0.013064298353856429,0.00014240639999999998,0.0687965378165245,0.006370053626596928,0.08076171875,0.09493760000000001,0.9841215014457703,,,
1054720,359,515,2937,259.3,204.80062793999997,0.0022527091,5140,1.2575853526592256,-0.00218442500627134,0.013130596315022558,0.00014209919999999998,0.06885547935962677,0.005203141365200281,0.06552734375,0.0947328,0.9779789447784424,,,
1056768,359,516,2941,267.58,214.45272447000002,0.0012037705,5150,1.2542179465293883,-0.0003941229748306796,0.0022082801257056416,0.00014179199999999996,0.06925901025533676,0.0089464345946908,0.0576171875,0.094528,0.9874979853630066,,,
1058816,359,517,2945,286.84,234.38891363999994,0.0032501589,5160,1.2479867964982987,-0.0016963915986707434,0.0015531360870227218,0.0001414848,0.06966289132833481,-0.01205637026578188,0.054833984375,0.09432320000000001,0.9955484867095947,,,
1060000,,,,,,0.0014532952,5170,1.2475903183221817,-0.0005401521601015701,0.011624560580821707,0.0001411776,0.06925418227910995,0.0009195869788527489,0.061279296875,0.0941184,0.9647905826568604,398.1557685,422.4,
1060864,358,518,2960,304.51,253.17885962,,,,,,,,,,,,,,1.8928397756379027
1062912,358,519,2963,313.67,261.19561727999996,0.0016366572,5180,1.2515386015176773,-0.0014174630283378064,0.005541805886605289,0.00014087039999999997,0.06927253305912018,-0.00427123811095953,0.0859375,0.0939136,0.9741661548614502,,,
1064960,358,520,2966,331.76,279.87960086000004,0.001022723,5190,1.2525283694267273,-0.0011673851229716092,0.0029093653294694375,0.00014056319999999998,0.06896774470806122,0.006255671381950378,0.0474609375,0.0937088,0.9666546583175659,,,
1067008,359,521,2970,340.47,289.77107956000003,0.001573879,5200,1.2578259646892547,-0.002744539946434088,0.0008802381264104043,0.000140256,0.06858283281326294,-0.0029786291997879744,0.089794921875,0.09350400000000002,0.9824016094207764,,,
1069056,359,522,2974,340.47,290.03586989,0.0011274843,5210,1.2608465820550918,-0.0010574849438853562,0.016541585739469157,0.00013994879999999998,0.06862550973892212,0.0067674219608306885,0.085693359375,0.09329920000000001,0.9684787392616272,,,
1071104,359,523,2978,349.22,298.86426502,0.0009457921,5220,1.26013642847538,0.0006698641373077407,0.0020433008572581456,0.0001396416,0.06860499083995819,-0.0023215804249048233,0.0392578125,0.09309440000000001,0.9287254810333252,,,
1073152,359,524,2981,350.02,299.70163245000003,0.0024600897,5230,1.2608720719814301,-0.0015299986000172794,0.0011035446514142677,0.0001393344,0.06865471601486206,-0.006958033423870802,0.048583984375,0.0928896,0.9925816059112549,,,
1075200,360,525,2985,358.65,308.51386985,0.003413884,5240,1.2592901587486267,0.0011823741224361584,0.00572788645804394,0.00013902719999999997,0.06871796399354935,0.009819858707487583,0.081005859375,0.0926848,0.9726101160049438,,,
1077248,360,526,2989,331.76,280.12080050000003,0.0022709165,5250,1.258631819486618,-0.0017978818534174934,0.00046303369272209237,0.00013872,0.0687892884016037,-0.007317336741834879,0.08056640625,0.09248,0.998235821723938,,,
1079296,360,527,2993,331.76,280.12080050000003,0.003145337,5260,1.2576953381299973,-0.00011940381664317101,0.05191429788246751,0.00013841279999999998,0.06880787014961243,0.023048508912324905,0.115966796875,0.0922752,0.928718090057373,,,
1080000,,,,,,0.00087284634,5270,1.2587276875972748,0.0014491056936094537,7.487988914363086e-05,0.00013810559999999998,0.06871703267097473,-0.00014426100824493915,0.09521484375,0.0920704,0.28661417961120605,392.8011881,418.4,
1081344,359,528,3009,330.52,278.07025502,,,,,,,,,,,,,,1.8928397756379027
1083392,359,529,3013,330.52,278.07025502,0.0015083794,5280,1.2584589302539826,-0.001945070264628157,0.010811263904906809,0.00013779839999999998,0.06877783685922623,0.0034776986576616764,0.070947265625,0.09186559999999999,0.9854087829589844,,,
1085440,359,530,3017,360.15,305.91720893,0.0012284927,5290,1.259486848115921,-0.000991444374085404,0.0009528271833005419,0.0001374912,0.06848511844873428,0.0028066381346434355,0.091943359375,0.09166080000000001,0.46983253955841064,,,
1087488,360,531,3020,360.03,305.93085125,0.0016876053,5300,1.2633667409420013,-0.0006725921135512181,0.016045659588417038,0.000137184,0.06834100186824799,0.0033659259788691998,0.110986328125,0.09145600000000001,0.9681214094161987,,,
1089536,360,532,3023,379.03,324.86082704,0.000965314,5310,1.2651533603668212,0.0010133031377336011,0.0011600428424571874,0.0001368768,0.06822396069765091,0.004460039548575878,0.057861328125,0.0912512,0.9897311329841614,,,
1091584,360,533,3027,356.44,297.69616986,0.0025713881,5320,1.2631781339645385,-0.001655891683185473,0.002759100155526539,0.00013656959999999997,0.06862477213144302,-0.0062791043892502785,0.061376953125,0.0910464,0.9900445938110352,,,
1093632,360,534,3031,366.81,307.68418748,0.0017786392,5330,1.259710568189621,3.593845758587122e-05,0.009400254860520364,0.00013626239999999998,0.06869406253099442,0.009748538956046104,0.096484375,0.0908416,0.9803925156593323,,,
1095680,360,535,3035,365.1,306.96225078,0.00096189545,5340,1.2590458869934082,0.0027764373677200637,0.0008027349113945093,0.0001359552,0.06870055198669434,-0.001700464403256774,0.041259765625,0.09063680000000002,0.9874736070632935,,,
1097728,361,536,3039,348.57,290.32005247,0.0021350402,5350,1.259470024704933,-0.0036994691443396734,0.005294418273842893,0.00013564799999999999,0.06862883269786835,-0.0020055570639669895,0.065771484375,0.09043200000000001,0.9883058071136475,,,
1099776,361,537,3043,338.84,280.49298705,0.0017183796,5360,1.260108232498169,-0.002643801458179951,0.005061180335178506,0.0001353408,0.06864813715219498,-0.004797904286533594,0.067578125,0.09022720000000001,0.9881691932678223,,,
1100000,,,,,,0.0015215357,5370,1.259541317820549,-0.000717838850687258,0.007243251454201527,0.00013503359999999997,0.06869827210903168,0.005302652716636658,0.04873046875,0.0900224,0.9710467457771301,496.30518040000004,520.5,
1101824,359,538,3061,329.2,270.68515808,,,,,,,,,,,,,,1.8928397756379027
1103872,360,539,3065,312.08,253.10946933999995,0.00086115935,5380,1.2581018835306168,0.0004175126203335822,0.0014875964563543676,0.0001347264,0.06880496442317963,-0.0014996490208432078,0.0658203125,0.08981760000000001,0.9946035146713257,,,
1105920,360,540,3069,313.68,253.5990693,0.0015630752,5390,1.256903052330017,0.0008089736482361331,0.010719658149173483,0.0001344192,0.0688944160938263,0.015119006857275963,0.0796875,0.0896128,0.9843018054962158,,,
1107968,360,541,3073,305.87,244.96672382000006,0.0017160884,5400,1.2547475546598434,-0.0018628277903189883,0.0016128959141497035,0.00013411199999999998,0.06912057101726532,-0.004315391182899475,0.07568359375,0.089408,0.9954108595848083,,,
1110016,360,542,3076,305.65,245.84461509000002,0.0020641168,5410,1.2528873890638352,0.0001582955621415749,0.005200502081424929,0.00013380479999999998,0.06910055130720139,0.004590892232954502,0.09150390625,0.0892032,0.993578314781189,,,
1112064,361,543,3079,297.13,237.36658840999996,0.0021008034,5420,1.2534677416086197,-0.0004299537300539669,0.004272997230873443,0.00013349760000000001,0.06905543804168701,-0.002725401194766164,0.124951171875,0.08899840000000002,0.9951980113983154,,,
1114112,361,544,3082,306.72,247.97901402,0.0013226899,5430,1.254560762643814,0.000910166984249372,0.0068518610642058775,0.0001331904,0.06894763559103012,0.0015904647298157215,0.0435546875,0.08879360000000001,0.9789336919784546,,,
1116160,361,545,3086,299.98,238.24673466000002,0.00055725547,5440,1.2555310338735581,0.0007087368954671547,0.0002782999737519276,0.0001328832,0.06890497356653214,0.006455989088863134,0.085009765625,0.08858880000000001,0.9950292706489563,,,
1118208,361,546,3090,299.98,239.10170652999997,0.0017512094,5450,1.2552144974470139,-0.0008458091353531927,0.00859434757148847,0.00013257599999999997,0.06906230747699738,0.002022653352469206,0.073876953125,0.088384,0.9890780448913574,,,
1120000,,,,,,0.0006193988,5460,1.256363645195961,0.0008635815116576851,0.002289730104530463,0.00013226879999999998,0.06866789609193802,0.005142956506460905,0.04599609375,0.0881792,0.9486810564994812,302.05330530000003,327.6,
1120256,360,547,3103,310.45,248.46590480999998,,,,,,,,,,,,,,1.8928397756379027
1122304,361,548,3107,313.57,249.26176332000006,0.0015307019,5470,1.2579760193824767,-0.00018570135871414094,0.0013031177535594908,0.0001319616,0.06895424425601959,0.003282527904957533,0.074658203125,0.08797440000000001,0.9937258958816528,,,
1124352,361,549,3111,331.35,268.62835608,0.001358369,5480,1.2535001039505005,-0.0012936825776705518,0.0042007857176940885,0.00013165439999999998,0.06920694559812546,-0.0006610662676393986,0.0654296875,0.0877696,0.9939428567886353,,,
1126400,361,550,3115,348.33,287.08285993000004,0.0010531177,5490,1.253194859623909,-0.00099735404655803,0.00014439446447340744,0.0001313472,0.06897936761379242,0.006142765283584595,0.062158203125,0.0875648,0.9976222515106201,,,
1128448,361,551,3119,358.02,296.89569628000004,0.0014255196,5500,1.2569248497486114,-0.0006153130671009421,0.0052805830375291405,0.00013103999999999997,0.06870421767234802,-0.0011719095055013895,0.061376953125,0.08736,0.978524923324585,,,
1130496,361,552,3123,374.93,313.43590842,0.0007400084,5510,1.2627539217472077,-0.0014902737399097531,0.0005428249532542396,0.0001307328,0.06811368465423584,-0.008863094262778759,0.03525390625,0.08715520000000002,0.9752539992332458,,,
1132544,362,553,3127,374.93,312.62325825999994,0.0018680916,5520,1.2691911309957504,-0.002171772520523518,0.00501777256722562,0.0001304256,0.0679558590054512,-0.005682666320353746,0.093896484375,0.08695040000000001,0.9827175140380859,,,
1134592,362,554,3131,386.22,321.05549489000003,0.0010050688,5530,1.2726944237947464,0.0005537764402106405,0.00047140294004748283,0.00013011839999999998,0.06758009642362595,-0.0031628012657165527,0.108740234375,0.0867456,0.18009424209594727,,,
1136640,362,555,3135,388.06,321.54636686,0.0039826725,5540,1.2758111387491227,-0.0017099466669606045,0.0033670923170575407,0.00012981119999999998,0.06757886707782745,-0.005701450165361166,0.065234375,0.0865408,0.9876348972320557,,,
1138688,362,556,3138,380.27,313.32134943,0.0009973582,5550,1.2734245926141738,-0.00021554515697062016,0.003878135581908282,0.00012950399999999999,0.06791684031486511,-0.00518534891307354,0.067578125,0.086336,0.9856750965118408,,,
1140000,,,,,,0.0015517568,5560,1.2695221930742264,-0.0005224927648669109,0.0036781341972528026,0.0001291968,0.06799843907356262,0.0038530519232153893,0.06650390625,0.08613120000000002,0.9933683276176453,497.84156229999996,515.3,
1140736,361,557,3155,392.18,323.70234636,,,,,,,,,,,,,,1.8928397756379027
1142784,361,558,3159,394.08,323.08358685999997,0.0014987573,5570,1.2687499940395355,-0.0013149481179425492,0.013473985323798843,0.0001288896,0.06806428730487823,-0.004156870301812887,0.055419921875,0.08592640000000001,0.9726788401603699,,,
1144832,361,559,3163,401.76,332.15042972,0.0018115559,5580,1.2666160017251968,-0.0032004622800741343,0.0009770367407327285,0.0001285824,0.06832242757081985,-0.003999869804829359,0.101611328125,0.08572160000000001,0.9975861310958862,,,
1146880,362,560,3166,401.76,332.15042972,0.0020528384,5590,1.2620277851819992,-0.0008913785044569522,0.0183168986113742,0.00012827519999999997,0.06867598742246628,0.001959964632987976,0.11103515625,0.0855168,0.9761361479759216,,,
1148928,362,561,3170,417.41,350.92875925,0.0017788947,5600,1.2598048269748687,-0.0015142941498197614,7.644568206615077e-05,0.000127968,0.0686052218079567,0.002350455615669489,0.178515625,0.08531200000000001,-0.3481254577636719,,,
1150976,362,562,3174,427.14,360.72341772,0.0017003994,5610,1.2578221797943114,-0.0007185875139839482,0.00845542394235963,0.0001276608,0.06901045888662338,0.00016015092842280865,0.083544921875,0.08510720000000001,0.9833966493606567,,,
1153024,362,563,3178,436.83,370.82295625,0.0011050629,5620,1.2546664774417877,-0.0009041266821441241,0.003186545408971142,0.00012735359999999999,0.06890606135129929,0.006003908347338438,0.075439453125,0.0849024,0.9872781038284302,,,
1155072,362,564,3182,438.07,371.08072436,0.0015539418,5630,1.2569661825895309,-0.0007458787222276442,0.0005180718094379699,0.0001270464,0.06882521510124207,-0.009852255694568157,0.08310546875,0.0846976,0.9983680844306946,,,
1157120,363,565,3186,413.79,344.21128264999993,0.0011250558,5640,1.2550687730312347,-0.0015954088885337114,0.005294449237408116,0.00012673919999999997,0.06915286183357239,8.656783029437065e-05,0.07099609375,0.08449279999999999,0.9915421009063721,,,
1159168,363,566,3190,387.43,316.68857628,0.0018197305,5650,1.2516878426074982,-0.0009688191435998306,0.007376129500335083,0.000126432,0.06922509521245956,0.002521091140806675,0.11796875,0.08428800000000002,0.9916354417800903,,,
1160000,,,,,,0.0018323056,5660,1.2509941786527634,-0.0008313898433698341,0.017302043049130588,0.0001261248,0.06928528100252151,0.0033656489104032516,0.0953125,0.08408320000000001,0.9774943590164185,497.1321869,519.6,
1161216,361,567,3208,396.4,326.22298306,,,,,,,,,,,,,,1.8928397756379027
1163264,362,568,3212,415.47,344.78649684000004,0.0014306151,5670,1.2501431107521057,-0.0007315844093682244,9.468533578456117e-05,0.00012581759999999998,0.06932798027992249,-0.0009408043115399778,0.104296875,0.0838784,0.9980211853981018,,,
1165312,362,569,3216,415.47,344.78649684000004,0.0007796765,5680,1.2510634303092956,-0.0004942253057379275,0.015090680681169033,0.00012551039999999998,0.06914161890745163,0.005939160473644733,0.0560546875,0.0836736,0.9800379276275635,,,
1167360,362,570,3219,386.4,316.25069629999996,0.002988181,5690,1.251790276169777,-0.0004355497076176107,9.338264737834833e-06,0.00012520320000000001,0.0692787915468216,-0.002457650611177087,0.16279296875,0.08346880000000001,0.5078927278518677,,,
1169408,362,571,3223,349.87,279.91459452000004,0.0009734561,5700,1.2491159290075302,0.0008781776909017935,0.013666857409407384,0.000124896,0.06945621967315674,0.0019312524236738682,0.12470703125,0.083264,0.9726104140281677,,,
1171456,362,572,3227,369.84,298.2346097,0.0013239759,5710,1.2479934811592102,0.0002877253748010844,0.016312707390170544,0.0001245888,0.06947668641805649,0.005724189803004265,0.057177734375,0.0830592,0.9744382500648499,,,
1173504,363,573,3230,369.84,298.2346097,0.002527989,5720,1.2489554911851883,0.00027183737547602503,0.011493977828649804,0.00012428159999999997,0.06930814683437347,0.01298951543867588,0.07333984375,0.0828544,0.9785647988319397,,,
1175552,363,574,3234,373.77,304.5174358,0.0008892731,5730,1.2529687523841857,-0.0014217180825653486,0.0037799080775585024,0.00012397439999999998,0.06888948380947113,-0.004669351037591696,0.025927734375,0.08264959999999999,0.7622846364974976,,,
1177600,363,575,3238,364.17,294.64743823,0.0010914893,5740,1.255390202999115,-0.0001394469421938993,0.020669429935514926,0.0001236672,0.06905606389045715,0.012623168528079987,0.094970703125,0.08244480000000001,0.9570159912109375,,,
1179648,363,576,3242,361.97,295.5582131499999,0.00095544243,5750,1.2511035174131393,-0.0008264124247943982,0.009203721329686231,0.00012335999999999998,0.06944003701210022,-0.005432811100035906,0.050732421875,0.08224000000000001,0.9648210406303406,,,
1180000,,,,,,0.0012016441,5760,1.2459329217672348,-0.0005874719383427874,0.01708507726434618,0.0001230528,0.06979525834321976,0.011827968992292881,0.07138671875,0.0820352,0.9723510146141052,103.07983570000002,127.1,
1181696,363,577,3249,344.34,275.37457007000006,,,,,,,,,,,,,,1.8928397756379027
1183744,363,578,3253,335.69,265.2325078,0.0010929655,5770,1.241990327835083,-0.0002995753020513803,0.00913235757907387,0.00012274559999999997,0.06998749822378159,0.0031566470861434937,0.06796875,0.0818304,0.9841373562812805,,,
1185792,364,579,3256,325.72,255.03756554000003,0.0013272727,5780,1.2416629254817964,0.0001910115053760819,0.00406657163402997,0.0001224384,0.0698351189494133,-0.0007030157139524817,0.05224609375,0.08162560000000002,0.9802428483963013,,,
1187840,364,580,3260,322.02,255.25445681000002,0.0017920599,5790,1.2428470700979233,-0.0006915062389452941,0.004530650188098661,0.0001221312,0.0698314905166626,0.00215874332934618,0.0634765625,0.08142080000000002,0.9916886687278748,,,
1189888,364,581,3264,318.84,254.35078642,0.0007421373,5800,1.2407462418079376,0.0005948945981799625,0.004546770217712037,0.00012182399999999998,0.0701366513967514,-0.003018337767571211,0.09091796875,0.08121600000000001,0.9915353655815125,,,
1191936,364,582,3268,304.57,244.37463951000007,0.0014300335,5810,1.2358450442552567,0.0006687830580631271,0.01389096860657446,0.00012151679999999998,0.0704684779047966,0.012268396094441414,0.066455078125,0.0810112,0.9777560830116272,,,
1193984,364,583,3273,303.4,243.32085127000002,0.0010347969,5820,1.2329072415828706,-0.0018378762528300286,0.004121395263064187,0.00012120959999999999,0.0705483928322792,0.0014989729970693588,0.069091796875,0.0808064,0.992965817451477,,,
1196032,364,584,3277,293.7,235.78532453,0.000551222,5830,1.2338294446468354,-0.0006276383763179183,0.0015605366324962233,0.00012090239999999999,0.07030514627695084,0.004544032271951437,0.08154296875,0.08060160000000001,0.9662439227104187,,,
1198080,365,585,3281,243.51,189.62789553999994,0.0014645471,5840,1.2357346773147584,-0.0005222575913649052,0.005099703100859188,0.0001205952,0.0704013928771019,-0.0038734397385269403,0.060205078125,0.0803968,0.9890164136886597,,,
1200000,,,,,,0.0014225286,5850,1.2331090897321701,0.00032286038622260095,0.012815094899269752,0.000120288,0.07062768191099167,2.786586992442608e-05,0.09150390625,0.080192,0.9877957701683044,300.61973129999996,325.9,
1200128,364,586,3294,244.63,190.25292969999998,,,,,,,,,,,,,,1.8928397756379027
1202176,364,587,3298,245.33,191.30167360999997,0.00107451,5860,1.2325099766254426,-0.0006486137775937095,0.009182265037088655,0.00011998079999999997,0.07046600431203842,-0.0019768206402659416,0.0697265625,0.0799872,0.9819077253341675,,,
1204224,364,588,3302,231.15,181.23387458000002,0.000974244,5870,1.2340838044881821,0.0001971416946616955,0.005062244544387795,0.0001196736,0.07048484683036804,0.002994295209646225,0.069287109375,0.07978240000000002,0.9862460494041443,,,
1206272,364,589,3306,220.45,171.95822704999998,0.0008586107,5880,1.2336518436670303,-0.0019418996656895616,0.004700126589159481,0.00011936639999999998,0.07043859362602234,-0.004287367686629295,0.091455078125,0.07957760000000001,0.9940721988677979,,,
1208320,365,590,3309,224.8,172.92026542,0.0015853291,5890,1.2321434587240219,-0.002199566684430465,0.001643704874732066,0.00011905919999999999,0.0707843005657196,0.0004711639485321939,0.06455078125,0.07937280000000001,0.9978867769241333,,,
1210368,365,591,3313,219.01,164.06034029000003,0.0022876041,5900,1.2295326858758926,-0.0010604585651890375,0.021883673127740623,0.00011875199999999999,0.07070386409759521,0.0010822154581546783,0.129345703125,0.079168,0.9796121120452881,,,
1212416,365,592,3316,227.21,173.02999664000004,0.0011579004,5910,1.2299254208803176,0.0004592432640492916,0.002357062495138962,0.00011844479999999997,0.07076480984687805,0.011862336657941341,0.078955078125,0.0789632,0.9933487176895142,,,
1214464,365,593,3320,229.62,173.90021600999998,0.0006217913,5920,1.2305374175310135,-0.0006846481643151492,0.0031752720788063016,0.0001181376,0.07055407762527466,-0.001997801475226879,0.03857421875,0.0787584,0.9897929430007935,,,
1216512,366,594,3323,238.38,182.82894757999998,0.0011223665,5930,1.2337209373712539,-0.0001908770325826481,0.010464547335868702,0.0001178304,0.07039229571819305,-0.001349081750959158,0.083154296875,0.0785536,0.9830031394958496,,,
1218560,366,595,3327,257.2,201.62000408,0.00021116954,5940,1.2373899966478348,0.0004027070302981883,0.0013460253590892534,0.00011752319999999998,0.07003023475408554,0.001164235989563167,0.062158203125,0.0783488,0.983505368232727,,,
1220000,,,,,,0.00074845273,5950,1.2396132528781891,-0.0010154535149922595,0.0006840790919341089,0.00011721599999999998,0.07014212012290955,-0.005574704613536596,0.054150390625,0.07814399999999999,0.992157518863678,399.24461170000006,418.3,
1220608,365,596,3342,259.54,201.83567508,,,,,,,,,,,,,,1.8928397756379027
1222656,365,597,3346,258.23,201.83340871000004,0.0010204194,5960,1.2394327461719512,-0.00020231557136867194,0.004335400098352693,0.00011690880000000001,0.06996390968561172,0.008521145209670067,0.064501953125,0.07793920000000001,0.98805171251297,,,
1224704,365,598,3350,277.18,219.37882952000004,0.00112102,5970,1.241463053226471,-0.004308504218352027,0.0028708745550829915,0.00011660159999999999,0.06983022391796112,-0.007828555069863796,0.05205078125,0.07773440000000001,0.9792230725288391,,,
1226752,365,599,3354,293.05,237.55253476000004,0.00086991646,5980,1.2443419516086578,0.00047773448604857547,0.0005827865112223663,0.0001162944,0.06957215070724487,0.005206343252211809,0.050146484375,0.0775296,0.987052321434021,,,
1228800,365,600,3358,302.75,247.47198664000004,0.00036079128,5990,1.2488752633333207,-0.0013709120772546156,0.0076942416984820735,0.00011598719999999997,0.06920181214809418,-0.00014263950288295746,0.050244140625,0.0773248,0.9759495258331299,,,
1230848,366,601,3362,322.15,266.09331823,0.0007766938,6000,1.2552748054265976,-0.0004841444388148375,0.001494736761742388,0.00011568,0.06868785619735718,-0.00611781096085906,0.050732421875,0.07712000000000002,0.9753364324569702,,,
1232896,366,602,3366,340.81,284.01020453999996,0.0013722674,6010,1.2617853701114654,0.0007684534473810345,0.0009556594497553306,0.00011537280000000001,0.0683971717953682,0.0005532713839784265,0.077685546875,0.07691520000000002,0.9863242506980896,,,
1234944,366,603,3370,339.18,281.77718957,0.0012182518,6020,1.2641208976507188,0.0006149197477498091,0.006944729672977701,0.00011506559999999998,0.0683479905128479,0.006938267964869738,0.0603515625,0.07671040000000001,0.9708198308944702,,,
1236992,366,604,3373,339.31,280.93162801,0.0013538824,6030,1.2640713989734649,0.0011559470847714692,0.023002902744337916,0.00011475839999999999,0.06836523115634918,0.01432875171303749,0.1068359375,0.0765056,0.9490441679954529,,,
1239040,366,605,3377,352.82,291.89909931,0.0006642202,6040,1.2633147358894348,-0.00023669454094488174,0.005082512974331621,0.00011445119999999997,0.06846203655004501,-0.000617180485278368,0.054052734375,0.0763008,0.9823474884033203,,,
1240000,,,,,,0.0013352949,6050,1.263352271914482,0.0005087371217086911,0.008191578270634636,0.000114144,0.06834137439727783,0.004078067373484373,0.10654296875,0.07609600000000001,0.989102840423584,401.54368780000004,418.9,
1241088,365,606,3391,355.86,292.93107288000004,,,,,,,,,,,,,,1.8928397756379027
1243136,366,607,3395,344.42,282.14434995,0.0012780556,6060,1.264676386117935,0.0010926982155069708,0.013983123295474797,0.0001138368,0.06829910725355148,0.007071560248732567,0.087890625,0.0758912,0.9813613891601562,,,
1245184,366,608,3398,359.44,292.20537628,0.001799631,6070,1.2655949413776397,-0.0003804739360930398,0.0022648550278972835,0.00011352959999999998,0.06819693744182587,0.0018204919761046767,0.08896484375,0.0756864,0.99665766954422,,,
1247232,366,609,3402,367.97,301.704287,0.0015932049,6080,1.2650974363088607,-0.0015009082853794098,0.016672480688430368,0.00011322239999999998,0.06843225657939911,0.004641013219952583,0.0859375,0.0754816,0.9819009900093079,,,
1249280,366,610,3406,377.46,310.01638117999994,0.0011190335,6090,1.261553990840912,-0.0001867169761680998,0.003393256686103996,0.00011291520000000001,0.06861749291419983,0.00672767823562026,0.03447265625,0.07527680000000002,0.9904302358627319,,,
1251328,366,611,3411,388.33,320.09425903,0.0010446328,6100,1.2583798557519912,0.0007325941522140055,0.00693779943685513,0.00011260799999999999,0.06886066496372223,0.006831343751400709,0.0736328125,0.07507200000000001,0.985088050365448,,,
1253376,367,612,3415,377.41,310.01230358,0.0012352637,6110,1.2550353765487672,0.0004087336448719725,0.0002796716396460397,0.0001123008,0.06910514831542969,-0.004080716986209154,0.0484375,0.0748672,0.9966431260108948,,,
1255424,367,613,3418,359.01,292.84621502,0.0013178936,6120,1.253646433353424,-0.0016164941363967956,0.0008492381206451682,0.00011199359999999997,0.06900960206985474,-0.004077297635376453,0.087548828125,0.07466239999999999,0.9981976747512817,,,
1257472,367,614,3422,334.29,265.27852867,0.0006281877,6130,1.2570174634456635,0.0008930846932344138,0.008155509404605254,0.00011168639999999997,0.06872730702161789,0.002873843302950263,0.069189453125,0.07445759999999998,0.9886922240257263,,,
1259520,367,615,3426,334.29,265.3777842,0.00090179,6140,1.25948768556118,-0.0004897047401755117,0.005241707313689403,0.0001113792,0.06863746792078018,-0.0027313947211951017,0.08017578125,0.07425280000000001,0.9908287525177002,,,
1260000,,,,,,0.00085410045,6150,1.2626068532466888,0.0006050137599231675,0.002200961026028381,0.00011107199999999998,0.06823556125164032,0.002026473404839635,0.073583984375,0.074048,0.961300790309906,202.1302281,234.3,
1261568,367,616,3437,355.02,283.39468913,,,,,,,,,,,,,,1.8928397756379027
1263616,367,617,3441,301.27,227.81985370000007,0.0012266412,6160,1.2676891356706619,-0.00043387267214711756,0.0031479651777772235,0.00011076479999999999,0.06800632923841476,-0.0030010617338120937,0.04384765625,0.0738432,0.992513120174408,,,
1265664,367,618,3444,311.62,236.99806538,0.0014347155,6170,1.2693896919488907,-0.0008442602629656903,0.012310680036898702,0.00011045759999999999,0.06800727546215057,0.0019958755001425743,0.0994140625,0.07363839999999999,0.9837271571159363,,,
1267712,367,619,3448,321.3,247.81836203999998,0.0006809938,6180,1.2691598504781723,-0.001191516249673441,0.005100559150741901,0.0001101504,0.06799913197755814,0.003364702221006155,0.044970703125,0.07343360000000002,0.9831572771072388,,,
1269760,367,620,3452,320.75,248.65064131999995,0.0006654867,6190,1.2713609695434571,-0.0003493126161629334,0.002041649913371657,0.0001098432,0.06771649420261383,0.00499084684997797,0.02841796875,0.07322880000000001,0.9455899000167847,,,
1271808,367,621,3456,319.16,248.07923349000004,0.00081978424,6200,1.2729453951120377,-0.0003674737574328901,0.008904777487623505,0.000109536,0.06782256811857224,-0.00025450391694903374,0.053125,0.073024,0.9807668924331665,,,
1273856,368,622,3460,336.09,265.63426964,0.0011822623,6210,1.2722165942192079,5.6050950661301615e-06,0.003296875501109753,0.00010922879999999998,0.06777643412351608,-0.0011133045190945268,0.09775390625,0.0728192,0.9925099611282349,,,
1275904,368,623,3464,351.3,283.51507088,0.00040930277,6220,1.2747564882040023,-0.0005229144939221442,0.0029659364008693956,0.00010892159999999998,0.06748378276824951,-0.002137750154361129,0.045068359375,0.0726144,0.9790205955505371,,,
1277952,368,624,3467,351.04,282.62507536,0.0017414778,6230,1.2761130183935165,0.00026438983622938393,0.0009043564481544308,0.00010861439999999999,0.06760174036026001,-0.007760785985738039,0.081640625,0.07240960000000002,0.9841089248657227,,,
1280000,,,,,,0.0007019214,6240,1.2731411010026932,0.001109911355888471,0.009765713886008599,0.00010830719999999999,0.06787554919719696,0.005357479676604271,0.09072265625,0.07220480000000001,0.9848887324333191,301.30189609999996,327.2,
1280000,367,625,3480,349.33,283.41295244,,,,,,,,,,,,,,1.8928397756379027
1282048,367,626,3484,347.01,281.82314514,0.0009914527,6250,1.2701023131608964,5.802611703984439e-05,0.0021757899718068074,0.000108,0.06801935285329819,0.003825450548902154,0.067529296875,0.07200000000000001,0.9934642314910889,,,
1284096,368,627,3488,354.85,292.11566595,0.0014930348,6260,1.2703753650188445,-0.00021079835714772345,0.0033922999995411375,0.00010769279999999997,0.06783074885606766,0.0009893965907394886,0.131298828125,0.0717952,0.9871529340744019,,,
1286144,368,628,3492,344.44,281.82524182000003,0.00071123487,6270,1.2726553410291672,-0.00015435213572345674,0.00389545779034961,0.0001073856,0.06770499795675278,0.004473716951906681,0.074560546875,0.07159040000000003,0.9893034100532532,,,
1288192,368,629,3496,354.14,290.85730304000003,0.0007794724,6280,1.2729293555021286,-0.001339787473261822,0.013357991175143979,0.00010707840000000001,0.06781081110239029,0.002491520717740059,0.06376953125,0.07138560000000002,0.9468473792076111,,,
1290240,368,630,3499,363.61,299.57122417,0.00075866154,6290,1.2737433165311813,0.0012824589415686206,0.0016126155493111582,0.00010677119999999998,0.06757959723472595,0.004892668221145868,0.059130859375,0.07118080000000002,0.9626617431640625,,,
1292288,368,631,3503,362.5,297.52317638,0.0025146748,6300,1.2755023539066315,-0.0005704871553461998,0.003970415292133112,0.00010646399999999999,0.06764070689678192,-0.000873820623382926,0.06181640625,0.07097600000000001,0.9858340620994568,,,
1294336,369,632,3506,345.59,279.77477156000003,0.0009357531,6310,1.2725071787834168,-0.001847161870682612,0.027258287731092422,0.00010615679999999997,0.06794831156730652,0.0007832781411707401,0.066943359375,0.0707712,0.9625658988952637,,,
1296384,369,633,3510,334.47,270.83633163999997,0.00058649044,6320,1.269542995095253,-0.002534626331180334,0.016983597981743516,0.0001058496,0.06796824187040329,0.004272140096873045,0.081884765625,0.0705664,0.9695151448249817,,,
1298432,369,634,3513,352.14,289.07341508,0.00085148565,6330,1.2687844812870026,-0.0020729575568111613,0.009305024778586812,0.0001055424,0.06814887374639511,-0.002029180759564042,0.070458984375,0.0703616,0.9764971137046814,,,
1300000,,,,,,0.00021594684,6340,1.2677402466535568,-0.0003799092228291556,0.0002370184141000209,0.00010523519999999998,0.0679989904165268,-0.000968907552305609,0.109765625,0.07015679999999999,0.9959064722061157,495.19047549999993,520.2,
1300480,368,635,3530,370.14,307.79117965000006,,,,,,,,,,,,,,1.8928397756379027
1302528,368,636,3534,342.37,279.94581648,0.00080088084,6350,1.2711641848087312,-0.0008980404716567136,0.003830081886553671,0.00010492799999999998,0.06777326762676239,-0.003840339370071888,0.0873046875,0.06995199999999999,0.9783930778503418,,,
1304576,368,637,3538,343.01,280.15398095999996,0.0014380591,6360,1.2716556787490845,-0.0014021630471688696,0.008275499701267109,0.00010462080000000001,0.06794251501560211,8.732546120882034e-05,0.138330078125,0.06974720000000001,0.9870827198028564,,,
1306624,368,638,3542,351.87,288.90460621000005,0.0007916272,6370,1.2687232553958894,-0.00019886567315552384,0.0023075344775861594,0.00010431359999999999,0.06817086040973663,0.007222272455692291,0.07001953125,0.0695424,0.9885880947113037,,,
1308672,369,639,3545,342.8,280.96363625,0.0007181625,6380,1.2690091192722321,-0.0010002737952163443,0.002930062990344595,0.0001040064,0.0677809789776802,-0.0003822385333478451,0.05751953125,0.0693376,0.990421712398529,,,
1310720,369,640,3549,343.31,281.02934425,0.0014517829,6390,1.2725914508104323,-0.0011710477032465861,0.0032715770234062803,0.00010369919999999997,0.06782460957765579,-0.007524473592638969,0.07841796875,0.0691328,0.9858319759368896,,,
1312768,369,641,3553,353.01,290.97433642,0.0011299488,6400,1.2725695341825485,-0.0005329784995410592,0.009765403688652441,0.00010339199999999998,0.06769584864377975,0.0007544406689703465,0.094482421875,0.06892799999999999,0.9727044701576233,,,
1314816,369,642,3557,370.8,308.44147284999997,0.0005858557,6410,1.2742709159851073,0.0007606733706779778,0.0032529854855965824,0.0001030848,0.06764467060565948,0.002651810646057129,0.07265625,0.06872320000000001,0.9774358868598938,,,
1316864,369,643,3561,370.8,308.44147284999997,0.0012566056,6420,1.2776486933231355,-0.0020119755092309786,0.0042302623463911,0.00010277759999999998,0.067203089594841,-0.0018279599025845528,0.0755859375,0.06851840000000001,0.9810554385185242,,,
1318912,369,644,3565,397.56,334.1531582899999,0.0010320651,6430,1.2817352175712586,-0.0020427525945706294,6.878896514308507e-05,0.00010247039999999999,0.06721805781126022,-0.0014607524499297142,0.1046875,0.0683136,0.7411128282546997,,,
1320000,,,,,,0.00068438565,6440,1.2807566970586777,0.00037351993087213485,0.00437134341627825,0.00010216319999999999,0.0672215148806572,0.0029520567040890455,0.083544921875,0.0681088,0.9883109331130981,205.36597780000002,244.5,
1320960,369,645,3576,398.7,334.37689915000004,,,,,,,,,,,,,,1.8928397756379027
1323008,369,646,3581,389.41,324.99227220999995,0.00093209243,6450,1.2797337561845779,-0.0003851214423775673,0.017466192913707344,0.000101856,0.06740228831768036,0.004615092650055885,0.072998046875,0.06790400000000002,0.9564866423606873,,,
1325056,369,647,3585,354.0,288.37271534,0.0008821903,6460,1.278347671031952,0.00023141144774854183,0.014894404940423555,0.0001015488,0.0673680379986763,0.0012896819971501827,0.066943359375,0.06769920000000001,0.966914176940918,,,
1327104,369,648,3589,354.59,289.35287837,0.0013348197,6470,1.2800898194313048,-0.00016352773236576467,0.01884894761024043,0.00010124159999999998,0.06714905053377151,0.00645034946501255,0.0935546875,0.06749440000000001,0.9785254597663879,,,
1329152,369,649,3592,363.76,298.89064524,0.00082967244,6480,1.2822501063346863,-0.0015531956552877091,0.008575328101869673,0.00010093439999999998,0.06711684912443161,0.008608413860201836,0.0806640625,0.0672896,0.981399655342102,,,
1331200,370,650,3596,380.88,317.20860674000005,0.00034791132,6490,1.2832939833402635,0.00030343819817062466,0.01500923022395,0.00010062720000000001,0.06694677472114563,0.002705547958612442,0.0435546875,0.06708480000000003,0.9328200221061707,,,
1333248,370,651,3600,390.82,326.5019335100001,0.0005341396,6500,1.2860633730888367,-0.00021261605434119701,0.01256416846299544,0.00010031999999999999,0.06680333614349365,0.006672381889075041,0.06875,0.06688000000000002,0.9706528782844543,,,
1335296,370,652,3604,391.46,326.68120578,0.0015501902,6510,1.2865894466638566,0.000355142742046155,0.0056364862830378115,0.00010001279999999999,0.06687705963850021,0.001604634802788496,0.09697265625,0.06667520000000002,0.9895168542861938,,,
1337344,370,653,3607,409.8,344.55841985000006,0.00064741157,6520,1.2846803843975068,8.71365366037935e-05,0.0014628061071562115,9.97056e-05,0.06706248223781586,-0.0027854470536112785,0.048388671875,0.06647040000000001,0.99062579870224,,,
1339392,370,654,3611,429.18,364.20850318000004,0.0004658809,6530,1.2827054262161255,0.0006583793321624399,0.0016934098239289597,9.939839999999997e-05,0.06709606200456619,-0.001271188841201365,0.0392578125,0.06626560000000001,0.9636920690536499,,,
1340000,,,,,,0.0005663291,6540,1.2831027567386628,-7.322554884012789e-05,0.0007723947363047045,9.90912e-05,0.06699660420417786,-0.002516426146030426,0.058251953125,0.0660608,0.9846054315567017,197.50366300000002,222.8,
1341440,370,655,3620,409.6,344.35803206,,,,,,,,,,,,,,1.8928397756379027
1343488,370,656,3623,416.97,352.65219317,0.0003335165,6550,1.2845156103372575,-0.0004805596312507987,0.008099658726132474,9.878400000000001e-05,0.06697657704353333,0.004354655742645264,0.04765625,0.065856,0.9818591475486755,,,
1345536,370,657,3627,424.78,361.91273077,0.0013536301,6560,1.285854235291481,-0.0008356975071365014,0.00014740407314093318,9.847679999999999e-05,0.0667552575469017,-2.295900776516646e-05,0.130517578125,0.06565119999999999,0.9986964464187622,,,
1347584,371,658,3631,432.68,371.30697466,0.0013898725,6570,1.2879330307245254,-0.0013036223957897165,0.018792753433808686,9.816959999999999e-05,0.06674831360578537,0.0048643313348293304,0.080517578125,0.06544639999999999,0.954872190952301,,,
1349632,371,659,3635,433.3,371.71735865999995,0.0011961858,6580,1.2893157929182053,-0.000554306898266077,0.000883445805447991,9.786240000000002e-05,0.06650491058826447,0.002263156231492758,0.060107421875,0.06524160000000001,0.9851062297821045,,,
1351680,371,660,3639,433.87,370.95673037,0.00078868004,6590,1.2910434484481812,0.0006350261770421639,0.012863792601274326,9.75552e-05,0.06661872565746307,0.011033192276954651,0.073291015625,0.0650368,0.9611323475837708,,,
1353728,371,661,3643,443.15,379.73218399000007,0.0005458174,6600,1.2887595266103744,0.0011786967792431825,0.007823359800386242,9.7248e-05,0.06677407026290894,-0.000990694621577859,0.05546875,0.064832,0.9537608623504639,,,
1355776,371,662,3647,416.45,352.11824486999996,0.0008211376,6610,1.2860436648130418,-0.0014025709533598274,0.028467001003446058,9.694079999999998e-05,0.06699510663747787,0.008907985873520374,0.061181640625,0.0646272,0.9493176341056824,,,
1357824,371,663,3650,406.8,343.08613753,0.0009247769,6620,1.2841134548187256,-0.0006853210041299462,0.018314299662597476,9.663359999999998e-05,0.0669698417186737,0.006067384500056505,0.070263671875,0.06442239999999999,0.9754821062088013,,,
1359872,372,664,3654,408.93,344.26500704,0.00068847573,6630,1.288281124830246,0.0005580520446528681,0.0009554295189900585,9.632640000000001e-05,0.06644316017627716,0.002605360234156251,0.058154296875,0.06421760000000001,0.9738227128982544,,,
1360000,,,,,,0.0011062137,6640,1.2931583493947982,0.0015556854021269828,0.01700889867497608,9.601919999999999e-05,0.0663885623216629,0.0040285526774823666,0.09287109375,0.06401280000000001,0.9664719104766846,591.4276417000001,621.1,
1361920,370,665,3674,408.9,344.36622000999995,,,,,,,,,,,,,,1.8928397756379027
1363968,370,666,3678,407.17,344.18078472,0.0007902407,6650,1.2943411618471146,0.0005599069983873051,0.000170430847310854,9.5712e-05,0.06624100357294083,0.008883077651262283,0.06318359375,0.063808,0.9976952075958252,,,
1366016,371,667,3681,416.87,354.11699459999994,0.00061259256,6660,1.2943241506814958,-0.0014030961086973549,0.004297133263025899,9.540479999999997e-05,0.06641752272844315,-0.0013191390316933393,0.0984375,0.0636032,0.982276201248169,,,
1368064,371,668,3685,454.17,391.84012764,0.00058124214,6670,1.294045662879944,0.0008381255436688661,5.2153165142954094e-05,9.50976e-05,0.066208116710186,-0.0024253008887171745,0.14677734375,0.06339840000000002,0.9030694365501404,,,
1370112,371,669,3689,444.57,382.75551168,0.0016944327,6680,1.297047856450081,0.0007232861244119704,0.012541662354487925,9.47904e-05,0.06609968096017838,0.008259203284978867,0.0947265625,0.06319360000000002,0.9780096411705017,,,
1372160,371,670,3693,461.33,400.09807514999994,0.0005892546,6690,1.2989523082971572,-0.0018859228817746042,0.0027973157419182828,9.448319999999998e-05,0.06588392704725266,0.0038075880147516727,0.035986328125,0.06298880000000001,0.9027469158172607,,,
1374208,371,671,3697,470.49,409.83225979,0.00070771785,6700,1.3018513083457948,-0.0006676191696897149,0.00477374121255707,9.417599999999999e-05,0.0657702386379242,0.002744868164882064,0.046826171875,0.062784,0.9803963899612427,,,
1376256,371,672,3701,489.33,427.5904746500001,0.00058850757,6710,1.303426343202591,-0.00044733073154930026,0.0010553680349403294,9.386879999999996e-05,0.06568008661270142,-0.0008726631640456617,0.035888671875,0.0625792,0.9728664755821228,,,
1378304,371,673,3705,472.15,409.34589609,0.0005074978,6720,1.3041473746299743,0.0009513002762105316,0.0012113736294850242,9.35616e-05,0.06565660238265991,0.004453908186405897,0.0296875,0.062374400000000024,0.9869113564491272,,,
1380000,,,,,,0.0008834521,6730,1.3040896117687226,6.463596364483237e-05,0.018140274204779417,9.32544e-05,0.06571059674024582,0.005801297724246979,0.08271484375,0.06216960000000002,0.9672641754150391,200.63528000000002,229.0,
1380352,371,674,3715,472.45,409.90600764999994,,,,,,,,,,,,,,2.176765741983588
1382400,371,675,3719,453.01,391.25307104,0.00035650303,6740,1.3030341386795044,0.000603773829061538,0.002853247942402959,9.294719999999998e-05,0.06578246504068375,-0.003139195032417774,0.046533203125,0.061964800000000014,0.9902867674827576,,,
1384448,371,676,3723,453.01,391.25307104,0.0008748537,6750,1.3030023336410523,0.00023261508904397487,0.006170903006568551,9.263999999999998e-05,0.06569725275039673,0.003281631739810109,0.099755859375,0.06176000000000001,0.9888445138931274,,,
1386496,372,677,3727,453.36,389.78881293,0.0008158175,6760,1.3066585123538972,-0.0010224302270216868,3.3452451532411943e-06,9.233280000000001e-05,0.06535391509532928,-0.0029902998358011246,0.139990234375,0.061555200000000004,-2.8404974937438965,,,
1388544,372,678,3730,453.36,389.78881293,0.00064063596,6770,1.3080521255731583,0.0009884188213618473,0.010449051909381524,9.202559999999999e-05,0.0654677301645279,0.005997722037136555,0.1560546875,0.0613504,0.9813706278800964,,,
1390592,372,679,3734,454.57,389.33830073999997,0.0005923299,6780,1.307177159190178,0.0003690402649226598,0.00023587880150444107,9.171839999999999e-05,0.06547575443983078,0.006814100779592991,0.08740234375,0.061145599999999994,0.6145987510681152,,,
1392640,372,680,3737,439.06,371.06105383999994,0.00082141807,6790,1.3068199306726456,-0.00014731840055901558,0.010339256591396406,9.14112e-05,0.0655185878276825,0.0017008115537464619,0.06591796875,0.06094079999999999,0.984826922416687,,,
1394688,372,681,3741,448.81,379.34897971,0.00046561577,6800,1.3065239518880845,0.0009400534880114719,0.016358577465871348,9.110399999999997e-05,0.06550073623657227,0.016119860112667084,0.078271484375,0.060735999999999984,0.9709713459014893,,,
1396736,372,682,3745,440.85,371.51417955,0.0005446294,6810,1.3063336730003356,0.0011030561930965633,0.0032693376939278095,9.07968e-05,0.06556421518325806,0.00031177536584436893,0.052099609375,0.06053120000000001,0.99293452501297,,,
1398784,373,683,3749,459.04,390.26855825999996,0.0015557624,6820,1.3050494581460952,6.882117304485291e-05,0.0033729164686519654,9.048960000000001e-05,0.06565802544355392,-0.0037460005842149258,0.0869140625,0.0603264,0.9914913177490234,,,
1400000,,,,,,0.000485521,6830,1.3036359786987304,0.0007550148264272138,0.004241371393436566,9.018239999999999e-05,0.06572440266609192,-0.0013914513401687145,0.0587890625,0.0601216,0.9740330576896667,299.7318437,321.1,
1400832,372,684,3761,458.25,389.40117356,,,,,,,,,,,,,,2.176765741983588
1402880,372,685,3765,444.41,378.97592495000004,0.00046852295,6840,1.3026556938886642,0.0015141544805373996,0.0018487805315089644,8.987519999999999e-05,0.0658344030380249,-0.00039509410271421075,0.05087890625,0.05991679999999999,0.9837502837181091,,,
1404928,372,686,3769,433.59,370.68424628,0.0012651247,6850,1.3012657314538956,-0.0003969504206907004,0.009284720866708085,8.9568e-05,0.06587302684783936,0.0005925905425101519,0.082421875,0.059712000000000015,0.9833729267120361,,,
1406976,372,687,3774,443.29,380.47889825999994,0.0003837583,6860,1.2999101728200912,-0.0008406715729506687,0.007897885609418153,8.92608e-05,0.06603207439184189,-0.004100157879292965,0.04375,0.05950720000000001,0.942387580871582,,,
1409024,372,688,3777,425.43,361.24205697,0.00033201522,6870,1.2997802287340163,-0.0008533278087270446,0.008453124429797754,8.89536e-05,0.0658692866563797,0.00021828105673193932,0.0642578125,0.059302400000000005,0.9555416107177734,,,
1411072,373,689,3782,395.59,331.61145372000004,0.0007658353,6880,1.3014304161071777,-0.00019051460549235344,0.0039661051836446855,8.864639999999998e-05,0.06584823131561279,-0.0014935194049030542,0.09921875,0.0590976,0.9870616793632507,,,
1413120,373,690,3786,404.1,340.33132609,0.0004489191,6890,1.301423966884613,-0.0010632676567183807,0.01441118512302637,8.833919999999998e-05,0.06584285944700241,0.005955034866929054,0.067431640625,0.058892799999999995,0.9748043417930603,,,
1415168,373,691,3789,374.73,311.56971523000004,0.00038455884,6900,1.302500131726265,-0.0006428379230783321,0.001243822922333493,8.803200000000001e-05,0.06569964438676834,-0.004411389119923115,0.0568359375,0.05868800000000002,0.9854491949081421,,,
1417216,373,692,3793,323.02,265.60911945,0.0002918808,6910,1.303479892015457,0.0005717832027585246,0.017274331260705367,8.772479999999999e-05,0.06573557108640671,0.007001989055424929,0.056201171875,0.05848320000000001,0.9565829038619995,,,
1419264,373,693,3796,322.53,266.49571635,0.00064643426,6920,1.3030216723680497,-0.00019591495511122047,0.026031020015943797,8.74176e-05,0.06576883792877197,0.01783875748515129,0.0767578125,0.05827840000000001,0.964719831943512,,,
1420000,,,,,,0.0014587704,6930,1.3015495181083678,0.00011927724117413163,0.01457476502400823,8.711039999999997e-05,0.06592840701341629,0.005010558292269707,0.087646484375,0.0580736,0.9429306387901306,393.66200050000003,417.1,
1421312,372,694,3811,331.93,274.56268397,,,,,,,,,,,,,,2.176765741983588
1423360,373,695,3815,333.07,275.46549799,0.0012827159,6940,1.3004108250141144,-0.00042642052576411513,0.00290538220651797,8.68032e-05,0.06586558371782303,-4.3132982682436705e-05,0.08466796875,0.057868800000000026,0.9861666560173035,,,
1425408,373,696,3819,341.47,284.22050865,0.0005938717,6950,1.3028534084558487,-0.0006749028631020338,0.007751150117837824,8.6496e-05,0.06561645865440369,0.0022467151284217834,0.06005859375,0.05766400000000002,0.9718676209449768,,,
1427456,373,697,3823,359.03,302.2768766000001,0.0013576142,6960,1.3051407486200333,-0.001541734315105714,0.0004210252813209081,8.618879999999998e-05,0.06562531739473343,-0.005360743496567011,0.164453125,0.057459200000000016,0.9974663853645325,,,
1429504,373,698,3827,338.77,283.82191941,0.0006062895,6970,1.3058695584535598,0.00020491519826464354,0.006803666870109737,8.588159999999999e-05,0.06549451500177383,0.004238571971654892,0.100634765625,0.05725440000000001,0.9860559701919556,,,
1431552,373,699,3830,346.3,291.52360761,0.00052812835,6980,1.3070222020149231,-0.0004674421041272581,0.005526840206584893,8.557439999999996e-05,0.06548165529966354,0.0028241360560059547,0.082861328125,0.057049600000000006,0.9835694432258606,,,
1433600,374,700,3832,356.0,300.39136248,0.00047068734,6990,1.306363245844841,-0.0014897864690283313,0.005554784517153166,8.52672e-05,0.06556785851716995,-0.00025458517484366894,0.057080078125,0.0568448,0.9589398503303528,,,
1435648,374,701,3835,355.91,301.1810249100001,0.0008098112,7000,1.30440993309021,-0.0006291118916124105,0.00010443639582717879,8.496e-05,0.06572344154119492,0.004299356136471033,0.10849609375,0.056639999999999996,0.997291088104248,,,
1437696,374,702,3837,366.61,311.43969537,0.000504568,7010,1.3035109519958497,0.00016644326387904584,0.0027037663334340324,8.465279999999998e-05,0.06565798074007034,0.017554039135575294,0.037841796875,0.05643519999999999,0.9819343090057373,,,
1439744,374,703,3839,368.17,312.56869021,0.00048872206,7020,1.3048163056373596,-0.0007425807314575649,0.004678121575852856,8.434559999999998e-05,0.06560379266738892,0.003307224251329899,0.090478515625,0.056230399999999986,0.9769749641418457,,,
1440000,,,,,,0.0006816408,7030,1.3038259744644165,-0.0005244384839897976,0.009732389420969411,8.403840000000001e-05,0.06578356772661209,-0.0014799628406763077,0.107568359375,0.05602560000000001,0.9867393970489502,300.67820420000004,326.5,
1441792,374,704,3850,368.06,311.68080082999995,,,,,,,,,,,,,,2.176765741983588
1443840,374,705,3853,367.43,310.78067102,0.0006906291,7040,1.3035828769207,0.0008841055765515194,0.0009585018060533912,8.373119999999999e-05,0.06560931354761124,0.0012749005109071732,0.045654296875,0.055820800000000004,0.9925996661186218,,,
1445888,374,706,3856,368.97,311.26163732000003,0.0005815802,7050,1.304599553346634,-0.0007473923033103347,0.019930903648491947,8.342399999999999e-05,0.06572046875953674,0.010694047436118126,0.074072265625,0.055616,0.9481669664382935,,,
1447936,375,707,3858,378.66,319.74744904000005,0.00081374205,7060,1.304306572675705,-0.0010008628916693852,0.006301990189240314,8.31168e-05,0.06559938192367554,-0.0019932324066758156,0.06640625,0.055411199999999994,0.9765551686286926,,,
1449984,375,708,3861,387.92,328.89439555999996,0.0006212701,7070,1.3070370733737946,-0.0015669943662942388,0.002130737058905652,8.28096e-05,0.06533359736204147,-0.003341988194733858,0.061474609375,0.05520640000000002,0.9730206727981567,,,
1452032,375,709,3863,407.15,347.0284440400001,0.0009294237,7080,1.3099882036447525,7.73669162299484e-06,0.01019379704957828,8.25024e-05,0.06529568135738373,0.00227013579569757,0.079345703125,0.05500160000000001,0.939044713973999,,,
1454080,376,710,3865,407.19,348.08362237999995,0.0004427281,7090,1.3096896409988403,-0.00016891509585548192,0.005058317272050772,8.219519999999998e-05,0.06531109660863876,0.0017408693674951792,0.05009765625,0.05479680000000001,0.9812929630279541,,,
1456128,376,711,3868,405.6,348.75752718999996,0.00048726465,7100,1.3100834310054779,-0.00014389240532182158,0.004243956929713022,8.188799999999999e-05,0.06523597240447998,0.005557502619922161,0.054931640625,0.054592,0.9573580026626587,,,
1458176,376,712,3870,415.38,356.8870567499999,0.0006613971,7110,1.3110718220472335,0.0018482393730664625,0.014201447903178632,8.158079999999999e-05,0.06519006192684174,0.0084948455914855,0.0876953125,0.0543872,0.9667133688926697,,,
1460000,,,,,,0.00037777718,7120,1.3137522369623185,8.240633760578931e-05,0.0016028251986426767,8.12736e-05,0.06488468497991562,-0.0010872827842831612,0.039013671875,0.05418240000000002,0.9839313626289368,297.4613011,321.1,
1460224,376,713,3881,432.06,374.28504983,,,,,,,,,,,,,,2.176765741983588
1462272,376,714,3884,451.35,392.37514589,0.0008404633,7130,1.3163162469863892,0.00011916204530280084,0.0067282135132700205,8.09664e-05,0.06489231437444687,0.0029855244792997837,0.07919921875,0.053977600000000014,0.9699149131774902,,,
1464320,376,715,3886,470.2,410.34962850999995,0.00031842876,7140,1.3164532870054244,0.00017561866552568973,0.0017815948784118518,8.06592e-05,0.06486418843269348,-0.0023730851244181395,0.04267578125,0.05377280000000001,0.9589806795120239,,,
1466368,376,716,3889,469.41,409.72659679000003,0.00051203195,7150,1.3173511505126954,-0.00014039404632057995,0.00713122908200603,8.035199999999998e-05,0.06474262475967407,0.003993097692728043,0.0953125,0.053568000000000005,0.969281017780304,,,
1468416,377,717,3892,469.43,409.7812556,0.0007159674,7160,1.3171091973781586,-0.002224148059030995,0.0067777850388665685,8.004480000000001e-05,0.06492967158555984,-0.005117554217576981,0.11259765625,0.05336320000000003,0.9771881699562073,,,
1470464,377,718,3894,449.0,391.40072963,0.00046299055,7170,1.3153677791357041,-0.0016680667526088656,0.0068104442005278544,7.973760000000001e-05,0.06490727514028549,-0.00280367792584002,0.0892578125,0.05315840000000002,0.8976303339004517,,,
1472512,377,719,3897,458.12,401.01957704000006,0.0005429791,7180,1.3167938619852066,-0.001656839640054386,0.00601488800602965,7.943039999999999e-05,0.06476836651563644,0.003083107527345419,0.081689453125,0.05295360000000002,0.9773768186569214,,,
1474560,378,720,3899,467.37,410.6663530000001,0.0006299829,7190,1.3183038353919982,-0.0005110627447720617,0.014744350535329432,7.91232e-05,0.0647398978471756,0.004088522866368294,0.061669921875,0.05274880000000001,0.8471696972846985,,,
1476608,378,721,3901,476.96,419.8049977100001,0.00031125307,7200,1.3182189375162126,0.0003689812205266207,0.004998473543673753,7.881599999999997e-05,0.06478220224380493,0.0035835066810250282,0.046826171875,0.05254400000000001,0.9839824438095093,,,
1478656,378,722,3904,487.72,429.26077574000004,0.00037103388,7210,1.3184652000665664,-0.00047058340860530736,0.0011838160980914836,7.85088e-05,0.06466327607631683,0.009618295356631279,0.051806640625,0.0523392,0.979619026184082,,,
1480000,,,,,,0.0007202728,7220,1.318446472287178,-0.0004338658618507907,0.00597602499765344,7.820160000000001e-05,0.06484044343233109,-2.8818147256970406e-05,0.073291015625,0.0521344,0.9758561849594116,6.3994318,39.3,
1480704,378,723,3907,487.68,429.33121073,,,,,,,,,,,,,,2.176765741983588
1482752,379,724,3909,478.53,418.78555639,0.0007738586,7230,1.316657555103302,0.0007163326692534611,0.00436635016958462,7.789439999999998e-05,0.06486672908067703,0.006719557568430901,0.087158203125,0.05192959999999999,0.960358202457428,,,
1484800,379,725,3912,478.53,417.95334174999994,0.00030763747,7240,1.3164844065904617,0.0012628002601559273,0.012384538416517899,7.758719999999999e-05,0.06486037373542786,0.003974391613155603,0.073291015625,0.05172479999999999,0.9718884229660034,,,
1486848,379,726,3914,476.84,417.36236414,0.00043683694,7250,1.3172942578792572,-8.692815317772329e-05,0.00057436902579866,7.728000000000002e-05,0.06477503478527069,0.002987238811329007,0.0880859375,0.05152000000000001,0.9684181213378906,,,
1488896,380,727,3917,485.79,426.38322224,0.0005205908,7260,1.3188610941171646,-0.0003960629226639867,0.0033783714490709825,7.69728e-05,0.06462176889181137,-0.0005014203488826752,0.06005859375,0.051315200000000005,0.9841580390930176,,,
1490944,380,728,3919,484.95,426.16220835,0.00042509913,7270,1.3193740487098693,-0.0006251065147807822,0.001812178277032217,7.66656e-05,0.06476908922195435,-0.005205793306231499,0.0419921875,0.0511104,0.9938575625419617,,,
1492992,380,729,3922,484.95,426.16220835,0.0010614265,7280,1.3189906418323516,-0.00018665624811546876,0.0037962212576530875,7.635839999999998e-05,0.06460878252983093,-0.00144079455640167,0.06728515625,0.050905599999999995,0.9881339073181152,,,
1495040,380,730,3925,473.39,418.01576891000013,0.00052405195,7290,1.3214563459157944,-0.002225416956935078,4.506958327965549e-06,7.605119999999998e-05,0.0644911602139473,-0.0039179641753435135,0.165283203125,0.05070079999999999,-1.6875355243682861,,,
1497088,381,731,3928,473.39,418.01576891000013,0.00065972254,7300,1.3216919302940369,-0.000675313186366111,0.0017663380349404179,7.574400000000001e-05,0.06455955654382706,0.000616231351159513,0.103759765625,0.05049600000000001,0.9958495497703552,,,
1499136,381,732,3930,492.76,435.85890387000006,0.00030243114,7310,1.3223280131816864,-0.0011151498489198274,0.00015882310949564272,7.543679999999999e-05,0.06441077589988708,-0.002302401000633836,0.143505859375,0.05029120000000001,0.8553227186203003,,,
1500000,,,,,,0.00047198357,7320,1.322029983997345,-0.0007202735534519889,0.0022319882351439445,7.512959999999999e-05,0.06464681029319763,-0.0017093165079131722,0.053564453125,0.0500864,0.9755707383155823,398.2593817,423.1,
1501184,380,733,3944,477.34,418.45091629,,,,,,,,,,,,,,2.176765741983588
1503232,380,734,3947,450.45,392.00110605000003,0.0005276795,7330,1.3195649355649948,0.0002869447343982756,0.004266143376298714,7.482239999999997e-05,0.06468269973993301,0.005981752183288336,0.085205078125,0.0498816,0.9889723062515259,,,
1505280,381,735,3949,450.45,392.78342252000004,0.0007881744,7340,1.3199749797582627,-0.0009635895403334871,0.0045593322371132675,7.45152e-05,0.06457944214344025,0.0001547269057482481,0.094775390625,0.04967680000000002,0.9943104982376099,,,
1507328,381,736,3952,440.48,384.48161166000006,0.0003807184,7350,1.321952909231186,0.0005278964177705348,0.0014450222421146463,7.4208e-05,0.06444501876831055,0.0009683686075732112,0.10478515625,0.049472000000000016,0.9645810127258301,,,
1509376,381,737,3955,450.19,394.27699114,0.0006354726,7360,1.325134238600731,-0.0008720743848243728,0.0010452320781041634,7.390079999999998e-05,0.06416484713554382,0.005299329292029142,0.07275390625,0.04926720000000001,0.9922909736633301,,,
1511424,381,738,3957,452.16,394.9655679200001,0.0009491918,7370,1.3272790133953094,-0.0008680101067511714,0.0013925915169238578,7.359359999999999e-05,0.06420043855905533,0.014087534509599209,0.08818359375,0.049062400000000006,0.9819740653038025,,,
1513472,382,739,3960,452.16,394.9655679200001,0.00037399432,7380,1.3262507259845733,9.581924532540143e-05,0.010132484234054573,7.328639999999999e-05,0.06427676230669022,0.004465598613023758,0.09677734375,0.0488576,0.9801838397979736,,,
1515520,382,740,3962,453.57,394.48377729,0.00034823007,7390,1.3266988486051559,-0.000990481791086495,0.000441964032256692,7.29792e-05,0.0641268715262413,-0.004360042978078127,0.059814453125,0.048652799999999996,0.9550800919532776,,,
1517568,382,741,3965,434.32,376.1498167800001,0.000364671,7400,1.3281455874443053,0.0006916977290529758,0.039109192381147295,7.2672e-05,0.06411907821893692,0.00809665210545063,0.0779296875,0.04844799999999999,0.8439634442329407,,,
1519616,382,742,3967,434.31,375.41113508,0.00040958944,7410,1.3268830567598342,-0.0006052986340364441,0.012454199569765479,7.23648e-05,0.06427755951881409,0.008458973839879036,0.0455078125,0.048243199999999986,0.9347233176231384,,,
1520000,,,,,,0.00038994805,7420,1.3253035694360733,-0.0010205843529547565,0.0017918099787493703,7.205759999999998e-05,0.06429558247327805,0.003072125604376197,0.08388671875,0.04803839999999998,0.9826208353042603,204.12018729999997,235.0,
1521664,382,743,3976,407.9,349.72662279000014,,,,,,,,,,,,,,2.176765741983588
1523712,382,744,3979,407.48,350.46381944999996,0.0003819395,7430,1.3241590708494186,-0.0007005421124631539,0.01415002775611356,7.175040000000001e-05,0.06445867568254471,0.0010556767228990793,0.057568359375,0.047833600000000004,0.9462899565696716,,,
1525760,383,745,3982,407.92,350.7099733,0.00039938226,7440,1.3232322961091996,2.9736455326201393e-05,0.005288042785832658,7.144319999999999e-05,0.06437940895557404,0.0017459795344620943,0.058544921875,0.0476288,0.9653201103210449,,,
1527808,383,746,3984,399.86,343.48024655999996,0.00041228163,7450,1.3242678135633468,-0.00029219877033028754,0.005823722794593778,7.113599999999999e-05,0.06435709446668625,0.0026552288327366114,0.0419921875,0.047423999999999994,0.9669579267501831,,,
1529856,383,747,3987,390.4,335.3726595400001,0.00048298592,7460,1.3243612855672837,0.00035241374716861175,0.025240327429492025,7.08288e-05,0.06435982882976532,0.014195571653544903,0.0986328125,0.04721919999999999,0.9600158929824829,,,
1531904,383,748,3989,371.54,316.82055633,0.00034220298,7470,1.3238424718379975,-0.0017161219555418938,0.00680903450702317,7.052159999999997e-05,0.06441029906272888,0.004591053817421198,0.04609375,0.047014399999999984,0.9847379326820374,,,
1533952,384,749,3992,381.23,325.63914325999997,0.00059960445,7480,1.3244090288877488,-0.0001242597558302805,0.008559497579699381,7.02144e-05,0.06429052352905273,-0.0006431350484490395,0.06025390625,0.04680960000000001,0.9849312901496887,,,
1536000,384,750,3995,392.69,335.94112273999997,0.00019994788,7490,1.3261283069849015,-8.323458896484227e-05,0.0025412392500584247,6.990720000000001e-05,0.06418108195066452,-0.001761212944984436,0.04892578125,0.0466048,0.9500693082809448,,,
1538048,384,751,3998,383.0,327.02369077000003,0.0005729992,7500,1.3269027501344681,-0.0017661305842921137,0.005991319278837182,6.959999999999998e-05,0.06423074007034302,-0.0019709060434252024,0.067529296875,0.0464,0.9791460037231445,,,
1540000,,,,,,0.00033653362,7510,1.3288575917482377,-0.001621520787011832,0.0031077459614607507,6.929279999999999e-05,0.06384201347827911,-0.0011656854767352343,0.051513671875,0.04619519999999999,0.977877140045166,498.0352452,521.0,
1540096,383,752,4014,400.03,345.53814726999997,,,,,,,,,,,,,,2.176765741983588
1542144,383,753,4017,407.58,354.21856211000005,0.00016350031,7520,1.333837515115738,-6.386919121723623e-05,5.536654796287621e-05,6.898560000000002e-05,0.06364346295595169,-0.0006276966305449605,0.127734375,0.045990400000000015,0.997752845287323,,,
1544192,384,754,4020,416.26,363.63504247000003,0.00017381951,7530,1.336682176589966,-0.00047529516741633414,0.0033028993610059844,6.86784e-05,0.06349238753318787,-0.0028871670365333557,0.04970703125,0.04578560000000001,0.9750601053237915,,,
1546240,384,755,4022,426.07,373.58924868,0.0005113696,7540,1.3372629940509797,-0.0009169454191578552,0.0035640366637380793,6.83712e-05,0.06358107179403305,-0.0014632509555667639,0.08955078125,0.045580800000000005,0.9831812977790833,,,
1548288,384,756,4025,445.02,391.21349227999997,0.00022600297,7550,1.3359818160533905,-0.00012885157630080358,0.007666745685855858,6.806399999999998e-05,0.06366205215454102,0.002147009363397956,0.0642578125,0.045376,0.9379782676696777,,,
1550336,384,757,4027,455.2,400.85588384000005,0.00021123508,7560,1.3373123764991761,-0.0006540377537021414,0.0008738202133827145,6.775679999999998e-05,0.0633554682135582,0.0005073670763522387,0.040185546875,0.045171199999999995,0.9897223114967346,,,
1552384,385,758,4030,445.5,390.96392782999993,0.00045742284,7570,1.3402385979890823,5.8712888858281076e-05,0.00608016706246417,6.744960000000001e-05,0.063378244638443,-0.0007212641648948193,0.07216796875,0.04496640000000002,0.9817801117897034,,,
1554432,385,759,4032,456.16,399.12487056,0.00025830365,7580,1.3402109682559966,-0.00036611684918170796,0.0007939161829199293,6.714239999999999e-05,0.06326325237751007,0.0006884416798129678,0.06328125,0.04476160000000001,0.990036129951477,,,
1556480,385,760,4035,465.2,408.1257319899999,0.000493253,7590,1.3415672570466994,-0.00038940008962526915,0.010704625630751252,6.68352e-05,0.06329545378684998,0.007915208116173744,0.090869140625,0.04455680000000001,0.9835286140441895,,,
1558528,385,761,4037,446.28,389.3186425,0.00036836622,7600,1.3396288186311722,-0.0009071117441635579,0.0029110899522493128,6.652799999999997e-05,0.06346231698989868,0.004049546085298061,0.082568359375,0.044352,0.9811265468597412,,,
1560000,,,,,,0.00029103825,7610,1.3379535496234893,-0.0005726927192881703,0.01409068818029482,6.62208e-05,0.06352062523365021,-0.00130899203941226,0.079736328125,0.0441472,0.9589736461639404,102.21838779999999,127.1,
1560576,385,762,4044,445.74,389.28230063999996,,,,,,,,,,,,,,2.176765741983588
1562624,386,763,4047,465.43,407.6114112300001,0.00014294827,7620,1.3380640119314193,0.00037576368195004763,0.0034686469203734304,6.59136e-05,0.063416987657547,5.2764080464839935e-05,0.05693359375,0.04394239999999999,0.9355666041374207,,,
1564672,386,764,4049,446.68,389.89330489,0.00033124583,7630,1.3387018084526061,-0.00014388276758836582,0.005724755980190821,6.560639999999998e-05,0.06347079575061798,0.0005699663888663054,0.064111328125,0.04373759999999999,0.9886674880981445,,,
1566720,386,765,4052,454.83,398.32151664,0.0005515592,7640,1.338107943534851,3.963277267757803e-05,0.0030600579186284447,6.529919999999999e-05,0.06348642706871033,-0.0017036659410223365,0.06416015625,0.04353279999999998,0.9901670217514038,,,
1568768,386,766,4054,455.65,398.53491455000005,0.00054105587,7650,1.3381126374006271,0.00028203690599184485,0.0030261531224823556,6.499200000000002e-05,0.06346165388822556,0.0007510269060730934,0.06748046875,0.043328000000000005,0.9880103468894958,,,
1570816,387,767,4057,465.35,406.761391,0.00042612312,7660,1.338214135169983,0.00026063655968755484,0.018530919251497836,6.46848e-05,0.06347838789224625,0.000320944469422102,0.072509765625,0.0431232,0.9629920125007629,,,
1572864,387,768,4059,465.91,405.97735718,0.0009698684,7670,1.338760855793953,-0.00046955068537499753,0.0005732011322834296,6.43776e-05,0.06337875872850418,-0.0035967123694717884,0.100439453125,0.042918399999999995,0.9818763136863708,,,
1574912,387,769,4062,474.66,414.96420361,0.00019644646,7680,1.3388913422822952,-0.00010310084908269346,0.01074592910008505,6.407039999999998e-05,0.06351505219936371,-0.0007701098220422864,0.059716796875,0.04271359999999999,0.913510262966156,,,
1576960,387,770,4064,484.23,423.91145526,0.0001608473,7690,1.3383289396762847,0.00019460890034679325,0.008259843151608947,6.376319999999998e-05,0.0633842796087265,0.0027582033071666956,0.06201171875,0.042508799999999985,0.93426513671875,,,
1579008,388,771,4067,474.69,413.86081183000005,0.00023635334,7700,1.3405756264925004,0.0003792279923800379,0.00017486024530626308,6.345600000000001e-05,0.06325090676546097,0.00030767981661483645,0.109814453125,0.04230400000000001,0.9982108473777771,,,
1580000,,,,,,0.00035875503,7710,1.3415069609880448,0.0005395903994212858,0.007202520285500213,6.314879999999999e-05,0.06331111490726471,0.004435010254383087,0.07119140625,0.0420992,0.9844021201133728,396.51561620000007,418.1,
1581056,387,772,4081,483.84,423.48670062,,,,,,,,,,,,,,2.176765741983588
1583104,387,773,4083,494.66,432.8397346,0.00016849098,7720,1.341899999976158,-0.00042372785683255645,0.0029055992010398766,6.284159999999999e-05,0.0631401315331459,-0.0008730021654628217,0.051611328125,0.0418944,0.9681161046028137,,,
1585152,387,774,4086,483.46,424.42158709,0.00016008143,7730,1.3437108099460602,-0.0005180706619285047,0.0034677988704061137,6.25344e-05,0.06313429027795792,-0.002475484972819686,0.062060546875,0.04168959999999999,0.9880979657173157,,,
1587200,388,775,4088,473.88,414.49619678999994,0.00018037131,7740,1.344026517868042,0.00046614251477876677,0.0063533483480568975,6.22272e-05,0.06305684894323349,0.004296812228858471,0.06767578125,0.041484800000000016,0.9824007749557495,,,
1589248,388,776,4090,464.19,403.43980508999994,0.0001762548,7750,1.3452196151018143,-0.0007830981776351109,0.006848071143031121,6.192e-05,0.06300447881221771,0.0001374855637550354,0.048974609375,0.04128000000000001,0.9817748665809631,,,
1591296,388,777,4093,473.76,412.52284915999996,0.0003902394,7760,1.3459772169589996,-0.0004733661262434907,0.0003196454990757047,6.161280000000001e-05,0.06296292692422867,-0.0028875789139419794,0.18115234375,0.041075200000000006,0.9988804459571838,,,
1593344,389,778,4095,463.95,403.47849803,0.00015092871,7770,1.347640907764435,0.00041193129727616905,0.0015785226623847848,6.130559999999998e-05,0.06277596205472946,0.003532772185280919,0.062841796875,0.0408704,0.9666144847869873,,,
1595392,389,779,4097,453.81,393.87382119,0.00024349405,7780,1.3503414303064347,-0.0006749744265107438,0.001014724689957802,6.099839999999999e-05,0.06264291703701019,-0.0020242223981767893,0.052880859375,0.040665599999999996,0.9918703436851501,,,
1597440,389,780,4100,472.02,412.7372356199999,0.0005062792,7790,1.3512024670839309,-0.0016598673930275254,0.0002305882450741592,6.069120000000002e-05,0.06269414722919464,-0.004094372969120741,0.123193359375,0.04046080000000002,0.9982798099517822,,,
1599488,389,781,4102,472.02,413.54651439999986,0.00040206322,7800,1.351216760277748,0.0003885250975145027,0.0006444956590712537,6.0383999999999996e-05,0.06257323920726776,-0.00021433421352412552,0.060498046875,0.040256000000000014,0.9871131777763367,,,
1600000,,,,,,0.00041081366,7810,1.3522923469543457,-0.0003153006953652948,0.00020035659690620378,6.00768e-05,0.06260990351438522,-0.0005968824843876064,0.0794921875,0.04005120000000001,0.9963686466217041,199.4869896,224.6,
1601536,389,782,4111,470.58,414.46448373000004,,,,,,,,,,,,,,2.176765741983588
1603584,389,783,4113,480.13,424.32296869,0.00021199297,7820,1.3516043931245805,0.00023172626097220928,0.007045022648526356,5.976959999999998e-05,0.06264200806617737,0.002526482567191124,0.07041015625,0.039846400000000004,0.9800872802734375,,,
1605632,390,784,4116,489.81,433.37956492999996,0.0005681418,7830,1.3514887660741806,-0.0011016148811904714,0.0005888799238164211,5.946240000000001e-05,0.06260550022125244,-0.0003122541820630431,0.12578125,0.0396416,0.9714115262031555,,,
1607680,390,785,4118,480.68,425.3247890899999,0.0001277113,7840,1.353000771999359,-0.0001046149991452694,0.0018136802675144282,5.915520000000001e-05,0.06248079612851143,-2.2559077478945255e-05,0.0623046875,0.039436799999999994,0.9917284250259399,,,
1609728,390,786,4121,471.67,416.30798259000005,0.00023921026,7850,1.352495738863945,-7.765049376757815e-05,0.028013331192778424,5.884799999999999e-05,0.06272473931312561,0.008561046794056892,0.052734375,0.03923199999999999,0.9115784168243408,,,
1611776,390,787,4123,471.67,416.30353804,0.00024111345,7860,1.3489396452903748,-0.0006947226400370709,0.0218329600058496,5.8540799999999994e-05,0.06285616755485535,0.009845192544162273,0.065478515625,0.039027199999999984,0.9554339647293091,,,
1613824,391,788,4126,499.55,443.03452907999997,0.00019679539,7870,1.349198192358017,5.271107656881213e-05,0.001133348663643119,5.823359999999997e-05,0.06267974525690079,0.0069062188267707825,0.0638671875,0.03882239999999998,0.8225913047790527,,,
1615872,391,789,4128,499.55,443.83098972999994,0.00031645084,7880,1.351309359073639,7.747014024062082e-05,0.0020148825544310965,5.79264e-05,0.06261669844388962,0.002157163107767701,0.067236328125,0.0386176,0.9526058435440063,,,
1617920,391,790,4130,499.41,443.86550203999997,0.0002342505,7890,1.3525494664907456,-0.0008673089541844092,9.52727890762617e-05,5.7619200000000006e-05,0.0625019520521164,-0.0005333231529220939,0.12763671875,0.0384128,-0.7765011787414551,,,
1619968,391,791,4133,498.97,444.60971565000006,0.0003160111,7900,1.353905776143074,0.0012300039394176564,0.018574836011976004,5.731199999999998e-05,0.06249399483203888,0.011141572147607803,0.09921875,0.03820799999999999,0.9711469411849976,,,
1620000,,,,,,0.00021759738,7910,1.3540899634361268,0.0002669304813025519,0.0015369152511993888,5.7004799999999987e-05,0.06245510280132294,-0.0006092895055189729,0.080224609375,0.03800319999999999,0.9698817729949951,197.4184931,228.9,
1622016,391,792,4141,490.64,435.95797837,,,,,,,,,,,,,,2.176765741983588
1624064,391,793,4143,482.31,425.67694923999994,0.00041420804,7920,1.353840357065201,-0.00039157604041974994,0.013159519643522799,5.669760000000002e-05,0.06253718584775925,0.004041515756398439,0.0724609375,0.03779840000000001,0.9724323153495789,,,
1626112,392,794,4146,473.62,417.6254300199999,0.00038029093,7930,1.3523464024066925,-0.0006839303823653609,0.002843305207352387,5.6390399999999995e-05,0.06263656914234161,-0.0014424656983464956,0.056982421875,0.037593600000000005,0.9869014024734497,,,
1628160,392,795,4148,466.6,409.09560092,0.00015513739,7940,1.350822341442108,-0.000515022300533019,0.0021156552291358823,5.60832e-05,0.06271108984947205,-0.0016809703083708882,0.035791015625,0.0373888,0.9905611872673035,,,
1630208,392,796,4151,466.6,409.09560092,0.00034425405,7950,1.3498073667287827,-0.00022664767457172274,0.02266990781063214,5.5776e-05,0.06277422606945038,0.014295940287411213,0.102978515625,0.037183999999999995,0.9597024917602539,,,
1632256,392,797,4153,459.28,400.17645458,0.00026196157,7960,1.3493941277265549,0.0002840860834112391,2.1517361415135382e-05,5.546879999999998e-05,0.06272193044424057,0.0009053156827576458,0.1486328125,0.03697919999999999,0.570013165473938,,,
1634304,393,798,4155,460.42,400.4232775,0.00040357406,7970,1.3510688155889512,-0.00028548064874485136,0.014358006953261792,5.516160000000001e-05,0.06260772049427032,0.003892422653734684,0.08740234375,0.03677440000000001,0.9816278219223022,,,
1636352,393,799,4158,460.41,401.05887784999993,0.00025070744,7980,1.3528026312589645,0.0004648871865356341,0.002284520072862506,5.485439999999999e-05,0.06249980628490448,0.00028440775349736214,0.0576171875,0.03656960000000001,0.9762651324272156,,,
1638400,393,800,4160,451.88,390.52486064000004,0.00010963483,7990,1.3544392108917236,-0.00039585497870575637,0.003155439777037827,5.4547199999999965e-05,0.062414512038230896,-0.000102972611784935,0.0529296875,0.0363648,0.9819422364234924,,,
1640000,,,,,,0.00036039692,8000,1.3548286408185959,0.0004243835574015975,0.003296389504976105,5.4239999999999996e-05,0.062451187521219254,0.000981578603386879,0.08388671875,0.03616,0.9917581081390381,297.6380868,321.2,
1640448,393,801,4171,461.6,400.14454437,,,,,,,,,,,,,,2.176765741983588
1642496,393,802,4174,432.49,370.74846611,0.0002003726,8010,1.3544600129127502,0.00021704588871216402,0.0016611064082098892,5.393280000000003e-05,0.06243070214986801,-0.0002891341573558748,0.05966796875,0.03595520000000002,0.980042040348053,,,
1644544,393,803,4176,433.65,371.91336599000005,0.00029252341,8020,1.354717391729355,-0.00017786419120966457,0.0001601876001132041,5.3625600000000004e-05,0.062451157718896866,-0.001102678943425417,0.09833984375,0.035750400000000015,0.9990867972373962,,,
1646592,393,804,4179,415.25,354.00520301999995,0.00024113528,8030,1.3545306950807572,0.00012385451991576702,0.0072986607265193015,5.331839999999998e-05,0.062429364770650864,0.0004724294412881136,0.070947265625,0.03554560000000001,0.9832351207733154,,,
1648640,394,805,4181,435.46,372.35420507999993,0.00033176097,8040,1.3542402356863021,-0.0009629750886233524,0.0015462711817235686,5.301120000000001e-05,0.06250061094760895,0.000687969324644655,0.056201171875,0.035340800000000006,0.994352400302887,,,
1650688,394,806,4184,426.32,362.59788755999995,0.00027036518,8050,1.35276720225811,-0.00023838316556066275,0.01400329431053251,5.270399999999999e-05,0.06261997669935226,0.0027586519718170166,0.082470703125,0.035136,0.9680942296981812,,,
1652736,394,807,4186,435.28,371.1051788699999,0.00012420287,8060,1.351522046327591,-0.0011102182761533186,0.0027969884584308604,5.239680000000002e-05,0.06263314932584763,0.00019338075071573257,0.0544921875,0.034931199999999996,0.9909858703613281,,,
1654784,395,808,4188,378.6,316.49421353,0.00019691334,8070,1.3514709532260896,-0.00022446391521953047,0.007433516450691968,5.20896e-05,0.06263712048530579,0.00351225258782506,0.07880859375,0.03472639999999999,0.9838148355484009,,,
1656832,395,809,4191,388.39,325.2000689900001,0.0002850603,8080,1.3504276424646378,0.0007368399907136336,0.01505625678692013,5.1782399999999974e-05,0.06275518238544464,0.004951864015311003,0.076220703125,0.034521599999999986,0.9660338759422302,,,
1658880,395,810,4193,396.33,333.87340091,0.00026400923,8090,1.3491695642471313,0.0007244474225444719,0.0057942386942158915,5.1475200000000005e-05,0.06279090791940689,0.0014549511251971126,0.082275390625,0.03431679999999998,0.9677323698997498,,,
1660000,,,,,,0.00026153208,8100,1.3487106770277024,0.0012166055836132727,0.011851515067974105,5.1168000000000036e-05,0.06282919645309448,0.001888941740617156,0.076513671875,0.034112,0.9707104563713074,396.27559799999995,418.7,
1660928,394,811,4207,395.57,333.4080356500001,,,,,,,,,,,,,,2.176765741983588
1662976,395,812,4209,406.32,342.77777337,0.00018091217,8110,1.3494559139013291,-0.0003080095804762095,0.005173864046810195,5.086080000000001e-05,0.0626770406961441,0.0035921582020819187,0.07431640625,0.0339072,0.988133430480957,,,
1665024,395,813,4212,384.74,323.56286943000003,0.00011921264,8120,1.350530308485031,-0.00028908795065945013,0.0041912230240996,5.055359999999999e-05,0.06274031102657318,0.0008109367918223143,0.07685546875,0.033702399999999993,0.9842377305030823,,,
1667072,395,814,4214,384.59,322.74126862,0.00019087637,8130,1.3495167642831802,-8.634328114567324e-05,0.024311611417215318,5.024639999999997e-05,0.06276917457580566,0.014887611381709576,0.081298828125,0.03349759999999999,0.9519622921943665,,,
1669120,395,815,4216,378.01,314.13941585,0.00038915168,8140,1.3487699657678605,-0.00011635692353593186,0.010806556203169749,4.99392e-05,0.06286304444074631,0.005421673879027367,0.067822265625,0.033292799999999984,0.9777218103408813,,,
1671168,396,816,4219,384.92,322.51912791999996,0.00029831874,8150,1.3472615391016007,-0.001595557012478821,0.021872523392084987,4.963200000000003e-05,0.06292642652988434,0.003218144178390503,0.098583984375,0.033088000000000006,0.9663932919502258,,,
1673216,396,817,4222,375.78,312.99335278,0.0001356387,8160,1.3466428756713866,-0.0002206314558861777,0.013363269955152645,4.9324800000000006e-05,0.06295669823884964,0.004295211285352707,0.0578125,0.0328832,0.9829336404800415,,,
1675264,396,818,4224,366.63,303.97147938,0.0001990255,8170,1.3469012916088103,-0.0002015125850448385,0.004251584481244209,4.901759999999998e-05,0.06288877129554749,0.0007826155051589012,0.083349609375,0.032678399999999996,0.9822917580604553,,,
1677312,396,819,4226,359.27,295.94573201000003,0.00024059849,8180,1.347034302353859,0.0003290258813649416,0.01266438068705611,4.871039999999996e-05,0.0629534125328064,0.005989827681332827,0.09462890625,0.03247359999999999,0.9369149208068848,,,
1679360,397,820,4229,359.27,295.72400732,0.00026273803,8190,1.3458486080169678,0.00031605408585164694,0.009175219893222675,4.840319999999999e-05,0.06300408393144608,0.0008594717364758253,0.122119140625,0.032268800000000014,0.9814189076423645,,,
1680000,,,,,,0.0003284843,8200,1.346330538392067,-0.0002765600307611749,0.0001131703117152938,4.809600000000002e-05,0.06291580945253372,0.0028222170658409595,0.16796875,0.03206400000000001,0.8668495416641235,400.5017047,427.0,
1681408,396,821,4243,367.93,304.45410395000005,,,,,,,,,,,,,,2.176765741983588
1683456,396,822,4246,368.42,304.62631756,0.00025484865,8210,1.347812470793724,-0.0005123024093336426,0.007042363531945739,4.77888e-05,0.06281865388154984,0.0012995637953281403,0.076611328125,0.031859200000000004,0.9649669528007507,,,
1685504,396,823,4248,396.39,331.7047583699999,0.00022880165,8220,1.3488110154867172,-0.00036950516514480116,0.0014126506015600172,4.7481599999999976e-05,0.06278527528047562,0.0006862719892524183,0.063916015625,0.0316544,0.9929414987564087,,,
1687552,396,824,4251,405.56,340.73106307,0.00012596464,8230,1.349301216006279,-0.00011205972405150532,0.001239837162574986,4.717440000000001e-05,0.0627552717924118,0.0007613534107804298,0.056494140625,0.03144960000000002,0.9808613061904907,,,
1689600,397,825,4254,392.99,330.07088301000005,7.033549e-05,8240,1.349951621890068,-1.803875929908827e-05,0.0009057626157300547,4.6867199999999984e-05,0.06270162016153336,0.0011088586179539561,0.057080078125,0.031244800000000017,0.9717877507209778,,,
1691648,397,826,4256,401.14,338.76005571,0.00026340847,8250,1.3509456425905229,8.98880825843662e-05,0.00866064237197861,4.6560000000000015e-05,0.06264104694128036,0.0008198418654501438,0.10302734375,0.031040000000000012,0.9786587953567505,,,
1693696,397,827,4258,410.81,348.19169021,0.000115025585,8260,1.3519773185253143,-0.00043229578586760907,0.0004675098826737667,4.625279999999999e-05,0.06256136298179626,-0.0011829712893813848,0.036083984375,0.030835200000000007,0.9855251312255859,,,
1695744,397,828,4261,410.51,347.20573582,0.0001531349,8270,1.3519488781690598,1.3586384011432528e-05,0.012887837216840125,4.594559999999997e-05,0.06266191601753235,0.0008447798900306225,0.06923828125,0.030630400000000002,0.9523133039474487,,,
1697792,398,829,4263,420.25,357.27284213,0.00013066517,8280,1.3506076365709305,-0.0002537744032451883,0.01570292650721967,4.56384e-05,0.06270437687635422,0.004376586526632309,0.06142578125,0.030425599999999997,0.9405233860015869,,,
1699840,398,830,4266,420.84,357.6460866499999,0.00010849169,8290,1.3495590299367906,0.0008941566455177962,0.003792818194051506,4.533119999999998e-05,0.06281659752130508,0.0014583389274775982,0.0580078125,0.030220799999999992,0.9854438304901123,,,
1700000,,,,,,0.00017128896,8300,1.349542275071144,0.00018772547628032044,0.006362016251659952,4.502400000000001e-05,0.06268025189638138,0.0026683195028454065,0.063232421875,0.030015999999999987,0.9835454821586609,199.5362368,224.3,
1701888,398,831,4275,430.54,365.66338808000006,,,,,,,,,,,,,,2.176765741983588
1703936,398,832,4278,412.17,347.69356923999993,0.00014411699,8310,1.35122092962265,0.0004390786780277267,0.0018045736193016636,4.4716799999999985e-05,0.06262779980897903,0.0003544241772033274,0.072607421875,0.029811199999999982,0.9802402853965759,,,
1705984,398,833,4280,389.85,328.4469919399999,0.00027254954,8320,1.3513820052146912,0.0003475670702755451,0.011687932367203757,4.4409600000000016e-05,0.06266581267118454,0.0025739686097949743,0.081884765625,0.029606400000000005,0.9790969491004944,,,
1708032,398,834,4282,386.39,328.70848593000005,0.00014487919,8330,1.3504084676504136,0.00015106967039173468,0.004661930994188879,4.410239999999999e-05,0.06273502856492996,0.003402980277314782,0.074560546875,0.0294016,0.9892385601997375,,,
1710080,399,835,4285,406.11,346.61454112,0.00016478071,8340,1.3499959528446197,0.0003252317081205547,0.004730093931721057,4.379519999999997e-05,0.06270366907119751,0.002854675753042102,0.067578125,0.029196799999999995,0.9835587739944458,,,
1712128,399,836,4288,378.67,320.15100456000005,0.0002366812,8350,1.3496492952108383,-0.00026414465974085034,0.01977883545914665,4.3488e-05,0.06279820948839188,0.011309005320072174,0.09130859375,0.02899199999999999,0.9504833817481995,,,
1714176,399,837,4291,387.83,329.15526809000005,0.00015939906,8360,1.348741602897644,-0.00019883942877640948,0.008399384250515141,4.318079999999998e-05,0.06280864775180817,0.0021328325383365154,0.05830078125,0.028787199999999985,0.988588273525238,,,
1716224,399,838,4293,398.65,337.35288934999994,0.00015233463,8370,1.3488769769668578,-1.9173866166966037e-05,2.1824204270615156e-05,4.287360000000001e-05,0.06277675926685333,-0.0007195599027909338,0.15234375,0.028582400000000008,0.404446542263031,,,
1718272,399,839,4296,407.9,347.2310907,0.00018281754,8380,1.3493649393320084,-0.0007019530981779099,0.00739246467128396,4.2566399999999986e-05,0.06274837255477905,0.0031016040593385696,0.063330078125,0.028377600000000003,0.9834110140800476,,,
1720000,,,,,,8.063132e-05,8390,1.3498835921287538,0.000527971048722975,0.0010409272670585778,4.225920000000002e-05,0.06272660940885544,1.0247138561680913e-05,0.02353515625,0.028172799999999998,0.9829390048980713,295.38695659999996,321.1,
1720320,399,840,4308,435.07,374.49167095000007,,,,,,,,,,,,,,2.176765741983588
1722368,399,841,4312,435.07,374.18776959,0.0001325355,8400,1.3499772995710373,0.0003500709048239514,0.008994973139488138,4.1951999999999994e-05,0.06273776292800903,0.0028488989919424057,0.094677734375,0.027967999999999993,0.9699190258979797,,,
1724416,399,842,4315,425.67,363.05878114000006,0.00017509202,8410,1.3505170911550521,-0.0011140359289129264,0.0007322735178604489,4.1644800000000025e-05,0.06265009939670563,0.0008796700276434422,0.04375,0.027763200000000016,0.9795704483985901,,,
1726464,399,843,4318,425.67,363.05878114000006,0.00012723677,8420,1.3513171166181563,-3.584283695090562e-05,0.0040712491740123365,4.13376e-05,0.06266018003225327,0.0003652450395748019,0.0779296875,0.02755840000000001,0.98692786693573,,,
1728512,399,844,4321,426.35,363.01005081999995,0.000115411414,8430,1.3516757488250732,0.00018744232511380687,0.0016821393750433345,4.103039999999998e-05,0.06257861107587814,0.0005773371085524559,0.035791015625,0.027353600000000006,0.9597369432449341,,,
1730560,400,845,4324,426.35,363.01005081999995,0.0002246665,8440,1.3523194193840027,-0.0005548758148506749,0.004577134575811215,4.072320000000001e-05,0.06260273605585098,-0.0006083243060857058,0.059228515625,0.0271488,0.9865825176239014,,,
1732608,400,846,4326,445.55,382.65233672,4.5463647e-05,8450,1.3518692702054977,0.00016660906549077482,0.001235215994347527,4.041599999999999e-05,0.06261327862739563,-0.0013537181075662374,0.0478515625,0.026943999999999996,0.9551228284835815,,,
1734656,400,847,4329,418.6,355.83373373999996,0.00020755903,8460,1.3514983713626862,-0.0009771946308319457,0.0015456182569323572,4.010880000000002e-05,0.062664695084095,0.0018918812274932861,0.07333984375,0.02673920000000002,0.9900122284889221,,,
1736704,400,848,4332,418.19,357.23128526000005,0.00014083763,8470,1.350123855471611,-7.553964242106304e-05,0.019440879474859684,3.9801599999999995e-05,0.06278756260871887,0.003575586713850498,0.068017578125,0.026534400000000014,0.9615423083305359,,,
1738752,401,849,4334,427.35,366.3327531000001,0.00022488399,8480,1.3486064314842223,-0.0004979456047294661,0.005972263301373459,3.949439999999997e-05,0.062848299741745,0.001498067402280867,0.076513671875,0.02632960000000001,0.9780474901199341,,,
1740000,,,,,,5.802972e-05,8490,1.3485415518283843,-3.2996933441609146e-06,0.001883072424971033,3.91872e-05,0.0627664178609848,-0.00026559506659395993,0.047119140625,0.026124800000000004,0.97791588306427,302.3465538,331.3,
1740800,400,850,4346,446.62,384.99233753,,,,,,,,,,,,,,2.176765741983588
1742848,400,851,4348,447.79,384.32462868000005,0.0001325568,8500,1.350198045372963,-0.0012121189502067864,0.0011313486922517769,3.8880000000000034e-05,0.06265656650066376,-0.0029595033265650272,0.0529296875,0.02592,0.9821648001670837,,,
1744896,401,852,4351,446.8,384.03666569000006,0.000120471406,8510,1.3513254076242447,-0.0005283744350890629,0.0026972989493515343,3.857280000000001e-05,0.06264205276966095,-0.0015427967300638556,0.08876953125,0.025715199999999994,0.9902331829071045,,,
1746944,401,853,4353,465.07,402.72724943000003,0.00020936556,8520,1.3512530595064163,-0.00047222080902429295,0.005054263889178401,3.826559999999999e-05,0.06265167146921158,0.00018521829042583704,0.075439453125,0.02551039999999999,0.9839268922805786,,,
1748992,401,854,4356,455.37,393.62197191000007,8.7997556e-05,8530,1.3514596849679947,0.0004497951187659055,0.0032677856623195113,3.7958399999999965e-05,0.0626194104552269,-0.0011012356262654066,0.04560546875,0.025305599999999984,0.9531012773513794,,,
1751040,401,855,4358,472.75,411.3276418,8.7565044e-05,8540,1.3519175946712494,0.00026030387671198695,0.0011226758178963792,3.7651199999999996e-05,0.06259994953870773,-0.000621640938334167,0.141650390625,0.02510079999999998,0.994712769985199,,,
1753088,401,856,4361,491.0,430.79038783000004,0.00016925059,8550,1.352933019399643,4.5921816490590575e-05,0.0015969219137332402,3.734400000000003e-05,0.06248767673969269,0.001343141426332295,0.049169921875,0.024896,0.9896396994590759,,,
1755136,402,857,4363,491.55,430.85188085000004,8.978933e-05,8560,1.3539444565773011,-0.00023806137760402636,0.004364748325315304,3.7036800000000004e-05,0.062482137233018875,0.00010056316386908293,0.0802734375,0.024691199999999996,0.9885903596878052,,,
1757184,402,858,4366,520.52,457.9877814,0.00018318757,8570,1.353376790881157,-0.00033112004748545585,0.011903710299520753,3.672959999999998e-05,0.0625612884759903,0.003869508858770132,0.074072265625,0.02448639999999999,0.9149166941642761,,,
1759232,402,859,4369,510.81,447.2385146699999,0.00014346305,8580,1.3528621524572373,-0.0002002564666327089,0.0010537736380683781,3.642239999999996e-05,0.06252973526716232,0.0005758644547313452,0.05966796875,0.024281599999999987,0.9868425130844116,,,
1760000,,,,,,5.530886e-05,8590,1.3534369230270387,0.00046204808313632384,0.0032973347886581907,3.611519999999999e-05,0.062489643692970276,0.00047901220386847854,0.05439453125,0.02407680000000001,0.9778950214385986,203.2148896,228.9,
1761280,402,860,4378,530.23,466.16677150000004,,,,,,,,,,,,,,2.176765741983588
1763328,402,861,4381,538.95,475.23771196999996,5.5962795e-05,8600,1.3539259672164916,-0.0002159169780497905,0.0017795274856325705,3.580800000000002e-05,0.062486469745635986,0.002004435285925865,0.07392578125,0.023872000000000004,0.9904977083206177,,,
1765376,402,862,4383,547.53,484.1156039,6.387799e-05,8610,1.352830246090889,-0.00011917202500626445,0.005927081628760789,3.55008e-05,0.06263398379087448,0.002854031277820468,0.05966796875,0.0236672,0.9659054279327393,,,
1767424,402,863,4386,553.46,493.12214155999993,6.2871695e-05,8620,1.351536712050438,0.00016221294208662584,0.0007662803591301781,3.5193599999999974e-05,0.06260355561971664,-0.0019344231113791466,0.057080078125,0.023462399999999994,0.97948157787323,,,
1769472,403,864,4388,542.87,483.89289733999993,0.00021792503,8630,1.3518841564655304,-0.0001386369825922884,0.008912766736466437,3.4886400000000005e-05,0.06262324750423431,0.003117289859801531,0.071044921875,0.02325759999999999,0.9827991127967834,,,
1771520,403,865,4391,516.92,455.8461544700001,0.00011086711,8640,1.3512370526790618,4.500739159993827e-05,0.012147356529021635,3.457919999999998e-05,0.06268715113401413,0.004032780881971121,0.050146484375,0.023052800000000012,0.9748342633247375,,,
1773568,403,866,4393,507.21,447.09560344000005,0.00010505383,8650,1.350606593489647,9.005045285448432e-07,0.008700034307548777,3.4272000000000013e-05,0.06270238757133484,0.0024481245782226324,0.090869140625,0.022848000000000007,0.9871265888214111,,,
1775616,403,867,4395,500.36,438.45424499,0.00039978456,8660,1.3503686010837554,-9.920963784679771e-05,0.00012037512495908232,3.396479999999999e-05,0.06270606070756912,0.003038759110495448,0.1259765625,0.022643200000000002,0.9984632730484009,,,
1777664,404,868,4398,491.81,429.7459764000001,8.5388456e-05,8670,1.3499081969261169,-6.496258720289916e-05,0.01726348528172821,3.365759999999997e-05,0.06277336180210114,0.0037285545840859413,0.082861328125,0.022438399999999997,0.9703959822654724,,,
1779712,404,869,4400,463.86,401.86068331,8.896136e-05,8680,1.3490018606185914,-2.519811096135527e-05,0.0025740186669281685,3.33504e-05,0.0628005638718605,0.0006967638619244099,0.087646484375,0.02223360000000002,0.9883033037185669,,,
1780000,,,,,,0.00021413036,8690,1.348380208015442,-0.0001358851557597518,0.0182906617061235,3.304320000000003e-05,0.06286602467298508,0.0032182831782847643,0.060595703125,0.022028800000000015,0.9660711288452148,302.611991,325.6,
1781760,403,870,4412,473.61,410.9572480300001,,,,,,,,,,,,,,2.176765741983588
1783808,404,871,4414,472.42,409.0860623500001,4.7330803e-05,8700,1.3481595665216446,-0.0005441403118311428,0.01407231276971288,3.2736000000000006e-05,0.06281641870737076,0.006613675504922867,0.0509765625,0.02182400000000001,0.9446417093276978,,,
1785856,404,872,4417,432.52,372.2576203400001,0.000120765064,8710,1.3492237836122514,0.00041725547926034777,0.009975820602267049,3.242879999999998e-05,0.06274133920669556,0.006364226341247559,0.078173828125,0.021619200000000005,0.9632503390312195,,,
1787904,404,873,4420,432.52,371.72488696000005,7.150424e-05,8720,1.3507112592458725,-0.00048092210199683904,0.006710064152139239,3.212159999999996e-05,0.06263212114572525,0.0019404585473239422,0.0662109375,0.0214144,0.9837228655815125,,,
1789952,404,874,4422,423.85,362.11001364000003,9.263636e-05,8730,1.3519303321838378,-0.0004000159809947945,0.0011045188082789536,3.181439999999999e-05,0.06256425380706787,0.00017456655041314662,0.101513671875,0.021209599999999995,0.9724472761154175,,,
1792000,404,875,4424,433.6,372.00884441,0.000100318604,8740,1.352574920654297,-0.00031767410109750926,0.006290899551822804,3.150720000000002e-05,0.06257917732000351,0.0029609287157654762,0.077099609375,0.02100479999999999,0.9833223223686218,,,
1794048,405,876,4427,423.28,362.81794782,4.707006e-05,8750,1.352820760011673,-0.0005025085440138355,0.0016061759346484906,3.12e-05,0.06252304464578629,0.00030848837923258543,0.063720703125,0.020799999999999985,0.9921804070472717,,,
1796096,405,877,4429,423.83,361.7667199699999,0.00013428146,8760,1.353456112742424,-1.0149912850465625e-05,0.013813131416100077,3.0892799999999976e-05,0.06251005828380585,0.004457306582480669,0.07080078125,0.02059519999999998,0.9632055163383484,,,
1798144,405,878,4432,434.41,370.7963503500001,6.169881e-05,8770,1.352935329079628,-0.000486441032262519,0.011514923752110917,3.058560000000001e-05,0.06257587671279907,0.0008784362580627203,0.057373046875,0.020390400000000003,0.9319740533828735,,,
1800000,,,,,,6.5388915e-05,8780,1.3521231770515443,-1.6890757251530886e-05,0.023584476913674733,3.0278399999999984e-05,0.06262131035327911,0.0005460458341985941,0.061083984375,0.020185599999999998,0.9433430433273315,499.02811249999996,523.4,
1800192,404,879,4449,415.05,352.61274065000003,,,,,,,,,,,,,,2.176765741983588
1802240,404,880,4451,397.43,335.08164257000004,4.3939595e-05,8790,1.351791962981224,5.125341267557815e-05,0.0031460160505957903,2.9971200000000016e-05,0.0625985860824585,0.0005899965763092041,0.05966796875,0.019980799999999993,0.9780689477920532,,,
1804288,405,881,4454,379.18,316.15336077000006,5.687418e-05,8800,1.3518054872751235,-0.0004013995538116433,0.019563437084434553,2.9663999999999992e-05,0.062632717192173,0.01114647090435028,0.062451171875,0.019775999999999988,0.9764553308486938,,,
1806336,405,882,4456,399.0,334.92830247999996,0.00014414205,8810,1.3513848245143891,-0.00014954912512621377,0.0030747186247026548,2.9356800000000024e-05,0.06264644116163254,0.0004946787375956774,0.089599609375,0.01957120000000001,0.9938967227935791,,,
1808384,405,883,4459,390.29,326.22792972999997,5.624161e-05,8820,1.3511531203985214,-6.611096177948639e-05,0.014726557821268216,2.90496e-05,0.0626579150557518,0.011635391041636467,0.073193359375,0.019366400000000006,0.9606415629386902,,,
1810432,405,884,4461,398.25,335.81166909,7.9537276e-05,8830,1.3511803328990937,-0.00017428639985155313,0.003500512601749506,2.8742399999999977e-05,0.06265147775411606,3.289664164185524e-06,0.08798828125,0.0191616,0.9916237592697144,,,
1812480,406,885,4464,388.57,327.04229373,7.92653e-05,8840,1.3512920320034028,-0.00032959527597995473,0.015595965349348262,2.843520000000001e-05,0.06264428794384003,0.004407929256558418,0.07685546875,0.018956799999999996,0.970673680305481,,,
1814528,406,886,4466,406.24,345.61000023,4.4573302e-05,8850,1.3515125304460525,0.00010802741453517229,0.0046344634014531035,2.8127999999999985e-05,0.06262724846601486,0.002832791768014431,0.056640625,0.01875199999999999,0.9893364906311035,,,
1816576,406,887,4469,395.51,336.21126114,0.00012541289,8860,1.352165272831917,-0.0005745043512433767,7.854761502130714e-05,2.7820800000000017e-05,0.06255163997411728,0.00022424747294280678,0.10693359375,0.018547200000000014,0.9993826746940613,,,
1818624,406,888,4472,386.37,328.4300433099999,3.63446e-05,8870,1.3523506462574004,0.00011664030607789755,0.015350383965414948,2.7513599999999994e-05,0.06262724846601486,0.0016708467155694962,0.055322265625,0.01834240000000001,0.9672031998634338,,,
1820000,,,,,,5.7869183e-05,8880,1.351295042037964,-0.0007028927211649716,0.01436209540697746,2.720639999999997e-05,0.0626654252409935,0.006314775440841913,0.05771484375,0.018137600000000004,0.9746074080467224,104.4371206,132.5,
1820672,406,889,4478,405.77,346.5503990499999,,,,,,,,,,,,,,2.176765741983588
1822720,406,890,4481,413.75,356.25389268999993,2.4911977e-05,8890,1.3513489276170731,0.00025881005421979353,0.0036347518282127565,2.68992e-05,0.06262438744306564,0.0009985968936234713,0.038916015625,0.0179328,0.9693293571472168,,,
1824768,406,891,4484,422.91,365.07535426000004,5.137149e-05,8900,1.3519926369190216,0.00012004266609437764,0.002482947647513356,2.6592000000000033e-05,0.0625811442732811,0.00418598810210824,0.0310546875,0.01772800000000002,0.9840903282165527,,,
1826816,407,892,4486,413.62,356.16195374999995,4.210169e-05,8910,1.352626797556877,-0.00012441663711797445,0.00212359515389835,2.628480000000001e-05,0.0625409483909607,-0.00036984903272241354,0.0728515625,0.017523200000000017,0.9626114368438721,,,
1828864,407,893,4489,433.5,374.72260274000007,8.402014e-05,8920,1.353203496336937,-0.00014671248354716226,0.0017433725988666993,2.5977599999999987e-05,0.06251823902130127,5.390329170040786e-05,0.088671875,0.01731840000000001,0.9958611130714417,,,
1830912,407,894,4492,424.94,366.20783476,5.6763092e-05,8930,1.3533704847097396,-7.734472746960819e-05,0.010759672749554739,2.5670400000000018e-05,0.06251347064971924,0.008871943689882755,0.06904296875,0.017113600000000007,0.9596681594848633,,,
1832960,407,895,4495,433.47,375.98440885,2.4562527e-05,8940,1.3529490500688552,-8.556996035622433e-05,0.007542891550110653,2.5363199999999995e-05,0.06257747113704681,0.00557709252461791,0.07548828125,0.0169088,0.9780459403991699,,,
1835008,407,896,4497,434.91,376.34273538,8.293163e-05,8950,1.3525683462619782,6.580155168194324e-05,0.001974249536215211,2.5056000000000026e-05,0.06255237013101578,0.0031030692625790834,0.101416015625,0.016703999999999997,0.9886257648468018,,,
1837056,408,897,4500,434.92,376.24375885,5.5145705e-05,8960,1.3526497423648833,0.00037276526854839175,0.003833738915272988,2.4748800000000003e-05,0.06256862729787827,-0.0004191214684396982,0.07333984375,0.01649919999999999,0.9888308048248291,,,
1839104,408,898,4502,425.25,367.78946847,4.5332214e-05,8970,1.3524346113204957,0.00014777870674151928,0.00882085702905897,2.444159999999998e-05,0.06258340924978256,0.006586181931197643,0.112109375,0.016294399999999987,0.9648970365524292,,,
1840000,,,,,,0.00010371648,8980,1.3517152518033981,-0.0002228776036645286,0.004084087818046101,2.413440000000001e-05,0.06266680359840393,0.0015759016387164593,0.105517578125,0.01608959999999998,0.9869357943534851,202.8805173,228.9,
1841152,408,899,4511,423.81,367.40375128,,,,,,,,,,,,,,2.176765741983588
1843200,408,900,4513,433.48,377.9563408599999,7.168332e-05,8990,1.3514366835355758,-0.00011546796158654616,0.003243351128185168,2.3827199999999988e-05,0.06259742379188538,0.0022950456477701664,0.05576171875,0.015884800000000004,0.9848567843437195,,,
1845248,408,901,4516,425.71,369.4018101,3.589384e-05,9000,1.3520941257476806,0.0002712290530325845,0.0007444619266607333,2.352000000000002e-05,0.0625973492860794,0.0010147369466722012,0.04013671875,0.01568,0.9922440648078918,,,
1847296,408,902,4518,425.71,369.36596961,5.841392e-05,9010,1.352079024910927,-3.704769187606871e-06,0.03462367411702871,2.3212799999999996e-05,0.06259224563837051,0.01480642706155777,0.09267578125,0.015475199999999995,0.9489988684654236,,,
1849344,408,903,4521,426.84,368.69196820999997,3.505862e-05,9020,1.3526555001735687,2.45485280174762e-05,0.0025190559346810913,2.2905599999999973e-05,0.06252660602331161,0.0013581132516264915,0.04501953125,0.01527039999999999,0.9473129510879517,,,
1851392,409,904,4524,435.41,377.47266703,6.113603e-05,9030,1.3534588724374772,-8.86397116119042e-05,0.008464694611029699,2.2598400000000004e-05,0.06250511109828949,0.004790216684341431,0.07197265625,0.015065599999999985,0.9866787791252136,,,
1853440,409,905,4526,455.59,397.05099012,2.0491163e-05,9040,1.3540977895259858,0.00013814689591526986,0.0026611068817146586,2.2291200000000035e-05,0.06243373826146126,0.00017927808221429586,0.066162109375,0.014860800000000007,0.9544658660888672,,,
1855488,409,906,4528,446.46,387.1435849199999,4.4243527e-05,9050,1.354575553536415,-0.0002854789199773222,0.009186639395193198,2.1984000000000012e-05,0.06246210262179375,0.007299863267689943,0.087744140625,0.014656000000000002,0.9768118858337402,,,
1857536,409,907,4531,464.68,405.27316492000006,3.5366305e-05,9060,1.354218876361847,-2.318721963092685e-05,0.015746044158004225,2.167679999999999e-05,0.06246292218565941,0.006574643775820732,0.0626953125,0.014451199999999997,0.9636533856391907,,,
1859584,410,908,4533,465.78,405.57059021000003,1.8663704e-05,9070,1.3539844423532486,-0.0003370553808053955,0.001255732802383136,2.1369599999999966e-05,0.0624929815530777,-0.00042646622750908136,0.05419921875,0.014246399999999992,0.992084264755249,,,
1860000,,,,,,4.454446e-05,9080,1.3538871973752975,-0.00022801767918281257,0.005092139838961884,2.1062399999999997e-05,0.06247453764081001,0.0016182649414986372,0.0833984375,0.014041600000000015,0.9891092777252197,199.58704300000002,228.4,
1861632,409,909,4542,456.12,396.6521862300001,,,,,,,,,,,,,,2.176765741983588
1863680,410,910,4544,447.03,385.84109065999996,2.7211237e-05,9090,1.3543566673994065,-0.00026265776832588015,0.00187939195529907,2.0755200000000028e-05,0.062430478632450104,0.00032917101634666324,0.037451171875,0.01383680000000001,0.9944508075714111,,,
1865728,410,911,4547,429.21,368.02923291999997,7.2564115e-05,9100,1.3547569960355759,2.3576075909659268e-05,0.013931231270544232,2.0448000000000005e-05,0.06243672966957092,0.007089078892022371,0.0654296875,0.013632000000000005,0.9768795967102051,,,
1867776,410,912,4549,412.02,350.5198135,2.027332e-05,9110,1.3544050753116608,-0.00013392582186497748,0.0031914273007714656,2.0140799999999982e-05,0.06247471645474434,0.0010555485496297479,0.0462890625,0.0134272,0.9935243725776672,,,
1869824,410,913,4552,421.72,360.46296111000004,3.809968e-05,9120,1.3542237013578415,-2.3228934151120483e-05,0.006015415527508594,1.983359999999996e-05,0.06244736164808273,0.002589223673567176,0.0951171875,0.013222399999999995,0.9913381934165955,,,
1871872,410,914,4555,440.69,379.22676555000004,2.5120971e-05,9130,1.3548294216394425,-0.00020571926725097,0.004782192030688748,1.952639999999999e-05,0.06239524111151695,0.001107758842408657,0.036083984375,0.013017600000000018,0.9459290504455566,,,
1873920,411,915,4557,440.15,378.31070126,2.026005e-05,9140,1.35581773519516,-2.23606766667217e-05,0.0026113653708307537,1.921920000000002e-05,0.06233041733503342,0.0009588544489815831,0.032421875,0.012812800000000013,0.9739814400672913,,,
1875968,411,916,4560,449.29,387.57929391000005,1.9976695e-05,9150,1.3567147642374038,-0.00010420451872050762,0.002086579459137283,1.8911999999999998e-05,0.06229312717914581,0.0012482211459428072,0.062060546875,0.012608000000000008,0.9744469523429871,,,
1878016,411,917,4563,440.11,378.51629140999995,3.4391094e-05,9160,1.3567567318677902,-0.0001786296721547842,0.004548117009107955,1.8604799999999975e-05,0.06231921166181564,0.001416558981873095,0.059765625,0.012403200000000003,0.9838182926177979,,,
1880000,,,,,,3.127946e-05,9170,1.35664943754673,-0.00028054254362359644,0.0007365371799096465,1.8297600000000006e-05,0.06230045109987259,0.0004192723426967859,0.064013671875,0.012198399999999998,0.9962254166603088,203.0907444,230.3,
1880064,411,918,4571,450.59,388.29756746,,,,,,,,,,,,,,2.176765741983588
1882112,411,919,4573,460.3,397.53458314999995,3.5582256e-05,9180,1.356427925825119,-8.129751950036734e-05,0.006133379312814213,1.7990399999999983e-05,0.06235963851213455,0.0024062281008809805,0.103369140625,0.011993599999999993,0.9858827590942383,,,
1884160,411,920,4576,470.0,407.2371983899999,2.0079344e-05,9190,1.3558386415243149,-1.084957184502855e-05,0.004104497167281807,1.7683200000000014e-05,0.06235666573047638,0.0012282549869269133,0.084130859375,0.011788799999999988,0.9761433601379395,,,
1886208,411,921,4578,480.74,415.73351593,2.1100714e-05,9200,1.3562906116247178,3.157062164973468e-05,0.0012215265076520154,1.737599999999999e-05,0.06231659650802612,0.001041493145748973,0.05029296875,0.011583999999999983,0.9873916506767273,,,
1888256,412,922,4581,480.74,415.60438085000004,2.6637194e-05,9210,1.356321582198143,5.009832966607064e-06,0.016743542405311018,1.7068799999999968e-05,0.06235687434673309,0.0055750273168087006,0.07255859375,0.011379199999999978,0.9655425548553467,,,
1890304,412,923,4583,500.15,434.16131716999996,1.6451842e-05,9220,1.3561823159456252,-6.281477981247008e-05,0.0015829333598958329,1.67616e-05,0.06231771036982536,0.000496751512400806,0.04521484375,0.011174400000000001,0.9817899465560913,,,
1892352,412,924,4585,482.99,414.41225615999997,1.7595361e-05,9230,1.3567974597215653,-0.00013648510794155299,0.0022150787088321524,1.6454399999999976e-05,0.06229688599705696,0.00048008200246840715,0.055810546875,0.010969599999999996,0.9892224073410034,,,
1894400,412,925,4588,490.94,422.80367273,2.067408e-05,9240,1.3567737221717835,-0.00019872398988809436,0.0058368196245282885,1.6147200000000007e-05,0.062320414930582047,0.0013659100513905287,0.06533203125,0.010764799999999991,0.987480640411377,,,
1896448,413,926,4590,509.31,441.4708884199999,4.4070795e-05,9250,1.3565729022026063,6.558954773936421e-05,0.0014206097141141072,1.5839999999999984e-05,0.062313612550497055,0.0007425449439324439,0.09580078125,0.010559999999999986,0.9833789467811584,,,
1898496,413,927,4593,528.68,459.44205645,9.4274e-06,9260,1.356601744890213,0.000201888510491699,0.002935679531947244,1.5532800000000015e-05,0.062319107353687286,0.00106309715192765,0.055615234375,0.010355200000000009,0.9850597977638245,,,
1900000,,,,,,1.8573715e-05,9270,1.3567413061857223,0.00017400426804670133,0.0006649474274354362,1.5225599999999992e-05,0.06229034811258316,0.002746515441685915,0.086962890625,0.010150400000000004,0.7615497708320618,200.685633,223.1,
1900544,413,928,4601,548.22,478.42081529999996,,,,,,,,,,,,,,2.176765741983588
1902592,413,929,4603,528.8,461.16520416,2.3711182e-05,9280,1.3571126371622086,-4.1467807022854686e-05,0.004168235001270659,1.4918400000000023e-05,0.062281396239995956,0.0025786482729017735,0.081689453125,0.009945599999999999,0.988568127155304,,,
1904640,413,930,4606,478.02,414.19889415,2.5873771e-05,9290,1.35710266828537,-0.00013972412561997772,0.04321651933714747,1.46112e-05,0.06228991970419884,0.012599172070622444,0.089404296875,0.009740799999999994,0.9379209876060486,,,
1906688,413,931,4609,478.04,414.15175061,3.2058015e-05,9300,1.3567513704299927,-1.0122438834514468e-05,0.011749221324862447,1.4303999999999977e-05,0.06232662871479988,0.0007135310443118215,0.06650390625,0.009535999999999989,0.9845898747444153,,,
1908736,413,932,4612,486.53,423.54837770000006,2.0156702e-05,9310,1.3565365374088287,6.758806412108243e-05,0.005655150400707498,1.3996800000000008e-05,0.062311530113220215,0.0011292981216683984,0.086376953125,0.009331200000000012,0.984504759311676,,,
1910784,414,933,4614,477.52,413.5509418199999,5.1919196e-06,9320,1.3568031042814255,0.00014584291329811094,0.0005292738921525598,1.3689599999999985e-05,0.06229819357395172,-0.00012134780990891159,0.061669921875,0.009126400000000007,0.992176353931427,,,
1912832,414,934,4616,487.12,422.5753724499999,1.0020594e-05,9330,1.3567629784345627,4.836164589505643e-06,0.010776280096615664,1.3382400000000016e-05,0.062317341566085815,0.005175622645765543,0.06728515625,0.008921600000000002,0.9757537841796875,,,
1914880,414,935,4619,486.71,423.42132081000005,1.2406061e-05,9340,1.3566963613033294,0.00012104557099519297,0.01816222406923771,1.3075199999999993e-05,0.062297940254211426,0.013575040735304356,0.06923828125,0.008716799999999997,0.9785270094871521,,,
1916928,414,936,4621,504.98,441.2948172199999,1.5125755e-05,9350,1.3570550769567489,-0.00021600705804303288,0.003867166396230459,1.2768000000000024e-05,0.062276970595121384,0.001586579019203782,0.0673828125,0.00851200000000002,0.9922630786895752,,,
1918976,414,937,4624,504.99,440.91868863999997,1.8313149e-05,9360,1.3574682295322418,-3.358924295753241e-05,0.002881745243939804,1.2460800000000001e-05,0.062246035784482956,0.0016118339262902737,0.09384765625,0.008307200000000015,0.9890808463096619,,,
1920000,,,,,,1.1645985e-05,9370,1.3579082548618318,-2.1476261099451222e-05,0.003963549253239762,1.2153599999999978e-05,0.062223583459854126,0.0017455178312957287,0.087158203125,0.00810240000000001,0.9903091192245483,304.7359702,334.3,
1921024,414,938,4637,495.29,431.05029198999995,,,,,,,,,,,,,,2.176765741983588
1923072,414,939,4640,487.85,422.10954102999995,1.102715e-05,9380,1.3585361242294312,-0.00023205841716844589,0.0021790471488202456,1.1846400000000009e-05,0.06216120347380638,0.0005215967539697886,0.05498046875,0.007897600000000005,0.9911430478096008,,,
1925120,414,940,4642,409.55,346.61854746000006,3.810972e-06,9390,1.3589646160602569,-4.890120617346838e-05,0.0033591988634725568,1.153920000000004e-05,0.0621834397315979,0.0011831470765173435,0.04345703125,0.0076928,0.991840660572052,,,
1927168,414,941,4645,398.23,338.12510848000005,1.4859572e-05,9400,1.3587067633867265,-8.93268981599249e-05,0.02078867143718526,1.1232000000000017e-05,0.06218457967042923,0.01636328734457493,0.10234375,0.007487999999999995,0.9809978604316711,,,
1929216,415,942,4648,387.28,328.24694272,1.3244164e-05,9410,1.358801433444023,0.0001344476426311303,0.010187057568691671,1.0924799999999994e-05,0.06217140331864357,0.0054548149928450584,0.064990234375,0.00728319999999999,0.9754546284675598,,,
1931264,415,943,4651,358.21,300.27318553000003,9.156618e-06,9420,1.3588260799646377,-5.323401055647992e-05,0.008717605104175163,1.0617599999999971e-05,0.06218462437391281,0.003984705079346895,0.087451171875,0.007078399999999985,0.9647955894470215,,,
1933312,415,944,4653,349.06,292.30608305,7.5358257e-06,9430,1.3587593913078309,-0.00015989576058927923,0.004626518214354292,1.0310400000000002e-05,0.06217476725578308,0.002333288546651602,0.0869140625,0.00687359999999998,0.9940412640571594,,,
1935360,415,945,4656,347.87,291.87148519,7.525552e-06,9440,1.3590177357196809,-0.0002029609036981128,0.0023119733843486754,1.0003200000000033e-05,0.06215376406908035,0.0006395985838025808,0.060986328125,0.0066688000000000025,0.9940861463546753,,,
1937408,415,946,4658,358.08,300.75762985999995,5.167327e-06,9450,1.359200757741928,0.00011015545096597635,0.0016329966856574174,9.69600000000001e-06,0.06215548515319824,0.0003372156643308699,0.049072265625,0.0064639999999999975,0.992027997970581,,,
1939456,416,947,4661,366.08,308.65903693999996,7.057941e-06,9460,1.3590728729963302,8.046717994147912e-05,0.017819228676671628,9.388799999999987e-06,0.062169503420591354,0.005279639735817909,0.057080078125,0.0062591999999999925,0.9248483180999756,,,
1940000,,,,,,3.2292446e-06,9470,1.3588919699192048,1.796371361706406e-05,0.024893101956695318,9.081599999999964e-06,0.06217411532998085,0.0122173260897398,0.063427734375,0.006054399999999988,0.947070300579071,299.31347109999996,320.1,
1941504,415,948,4672,384.94,326.47150773,,,,,,,,,,,,,,2.176765741983588
1943552,415,949,4675,396.85,335.88032589,5.3074327e-06,9480,1.3589047133922576,1.3851298717781901e-05,0.0014872054256557022,8.774399999999995e-06,0.06216854229569435,0.0006078958977013826,0.05927734375,0.00584960000000001,0.9946775436401367,,,
1945600,415,950,4677,397.28,335.54782457,6.4876513e-06,9490,1.358893057703972,7.282389851752669e-05,0.01613424543174915,8.467200000000026e-06,0.06217900663614273,0.0063601708970963955,0.06552734375,0.005644800000000005,0.9685532450675964,,,
1947648,416,951,4680,389.7,327.45209481,5.5254204e-06,9500,1.358650729060173,-0.00012265006662346423,0.005884686374338343,8.160000000000003e-06,0.062196649610996246,0.002485900651663542,0.052001953125,0.00544,0.9923000335693359,,,
1949696,416,952,4683,389.7,327.54646197,1.053547e-05,9510,1.3585284799337387,-2.792108789435588e-05,0.006637957584462129,7.85279999999998e-06,0.06219349056482315,0.00311863049864769,0.101806640625,0.005235199999999995,0.9839505553245544,,,
1951744,416,953,4685,408.08,346.15755007000007,5.5851997e-06,9520,1.3585726886987686,8.336559403687716e-07,0.00034267618284502535,7.545600000000011e-06,0.06219524145126343,0.0005141055444255471,0.113916015625,0.0050303999999999904,0.8500546216964722,,,
1953792,416,954,4688,408.71,347.17725274000003,2.259505e-06,9530,1.3585944324731827,-0.00016678686370141804,0.003943848166090902,7.238399999999988e-06,0.06218672916293144,0.0011520966654643416,0.054833984375,0.004825600000000013,0.9893847703933716,,,
1955840,416,955,4690,407.59,346.96388636000006,3.5956327e-06,9540,1.3586647629737854,0.0001545705454191193,0.006287294096546247,6.931200000000019e-06,0.06218836084008217,0.003283883910626173,0.058740234375,0.004620800000000008,0.9882171750068665,,,
1957888,417,956,4693,417.23,356.82040623,2.6301132e-06,9550,1.3588316410779953,-9.51902722590603e-05,0.005391303083160892,6.623999999999996e-06,0.06216070055961609,0.0014440880622714758,0.0599609375,0.004416000000000003,0.9754501581192017,,,
1959936,417,957,4695,379.19,321.1593139799999,3.915309e-06,9560,1.3592348784208297,1.8520216690376402e-05,0.0035215441399486735,6.316799999999973e-06,0.062141675502061844,0.0007092305459082127,0.07060546875,0.004211199999999998,0.9518064260482788,,,
1960000,,,,,,4.616013e-06,9570,1.3593674033880234,-8.998399134725332e-05,0.01783581488998607,6.009600000000004e-06,0.062147658318281174,0.008188784122467041,0.112841796875,0.004006400000000021,0.9846740961074829,108.22716290000001,133.6,
1961984,417,958,4702,369.4,312.23528385000003,,,,,,,,,,,,,,2.176765741983588
1964032,417,959,4705,378.56,321.18050676999997,3.0341616e-06,9580,1.3592110216617583,-8.691700786584988e-05,0.010532726225210353,5.702399999999981e-06,0.06215967983007431,0.0023582594003528357,0.072119140625,0.003801600000000016,0.9909742474555969,,,
1966080,417,960,4707,389.4,330.4860563,2.8106733e-06,9590,1.3591577500104903,2.9225947218947113e-05,0.0057736382819712165,5.395200000000012e-06,0.062152061611413956,0.0032249148935079575,0.08720703125,0.003596800000000011,0.9906932711601257,,,
1968128,417,961,4710,390.0,330.58551491,9.877258e-07,9600,1.3593030333518983,7.559981895610691e-07,0.0013838947379554156,5.087999999999989e-06,0.062142979353666306,0.0004997137584723532,0.046533203125,0.003392000000000006,0.9948303699493408,,,
1970176,418,962,4713,379.09,321.45182062,1.4605466e-06,9610,1.3594035238027573,9.060720913112164e-06,0.016762168446439317,4.780799999999966e-06,0.062139127403497696,0.004020574036985636,0.0625,0.003187200000000001,0.9741343259811401,,,
1972224,418,963,4716,340.81,284.44414303,4.2699976e-06,9620,1.3594524353742599,2.8981322248000652e-05,0.011441970417217817,4.473599999999997e-06,0.062136415392160416,0.012135803699493408,0.106298828125,0.002982399999999996,0.9755329489707947,,,
1974272,418,964,4718,340.81,284.51805119,1.9537983e-06,9630,1.3594013392925262,-8.830353908706457e-06,0.01926102498546243,4.166400000000028e-06,0.062146786600351334,0.009172542952001095,0.076806640625,0.002777599999999991,0.9784979224205017,,,
1976320,418,965,4721,350.11,294.48548323,4.2718602e-07,9640,1.3593747437000274,7.83813593443483e-06,0.002037777358782478,3.859200000000005e-06,0.06213891878724098,0.000885180605109781,0.0583984375,0.002572799999999986,0.9851555824279785,,,
1978368,418,966,4723,335.1,277.02875115,1.2589444e-06,9650,1.3595116198062898,-1.6191392205655575e-05,0.005610741896089166,3.5519999999999823e-06,0.062130726873874664,0.0030141426250338554,0.075146484375,0.0023679999999999812,0.981429398059845,,,
1980000,,,,,,9.268115e-07,9660,1.3596061617136002,-6.341737025650218e-06,0.024474872171413153,3.2448000000000134e-06,0.062127258628606796,0.013215656392276287,0.0892578125,0.002163200000000004,0.9783405065536499,397.8270659000001,423.6,
1980416,418,967,4737,343.77,286.52644284999997,,,,,,,,,,,,,,2.176765741983588
1982464,418,968,4739,323.75,266.53399443,1.203327e-06,9670,1.3596564561128617,2.9104159330017866e-05,0.020528930542059242,2.9375999999999903e-06,0.06212342530488968,0.010962764732539654,0.06259765625,0.001958399999999999,0.9709354043006897,,,
1984512,418,969,4741,314.03,256.76806654000006,7.8912126e-07,9680,1.3596534311771393,-2.9793151770718396e-05,0.008183834977535298,2.6304000000000214e-06,0.06212955713272095,0.001524522784166038,0.051416015625,0.001753599999999994,0.9708995819091797,,,
1986560,418,970,4744,321.51,266.34282649000005,5.833572e-07,9690,1.3596380084753037,3.521873732097447e-05,0.012725757306907327,2.3231999999999984e-06,0.0621233806014061,0.010255873203277588,0.052783203125,0.001548799999999989,0.9613330364227295,,,
1988608,418,971,4746,294.67,237.39019332,3.7322752e-07,9700,1.3596916526556015,-1.541720994282514e-05,0.005782559725776082,2.0159999999999753e-06,0.06212502345442772,0.001998258288949728,0.077392578125,0.001343999999999984,0.9896886348724365,,,
1990656,419,972,4749,303.72,247.20328973000002,1.6539707e-07,9710,1.3596584022045135,-3.3004325814545155e-06,0.006572202243842184,1.7088000000000064e-06,0.06212529167532921,0.0034663379192352295,0.058984375,0.0011392000000000069,0.9906727075576782,,,
1992704,419,973,4751,322.58,265.83544877,1.7890125e-07,9720,1.3596826761960983,-5.16395375598222e-06,0.0007130398565095674,1.4015999999999833e-06,0.06212293356657028,0.0002874027122743428,0.07314453125,0.0009344000000000019,0.9966844916343689,,,
1994752,419,974,4754,333.48,275.89156765,1.3571116e-07,9730,1.3596929341554642,5.312729626893997e-06,0.018576648959424347,1.0944000000000145e-06,0.06212429702281952,0.007589415181428194,0.115087890625,0.0007295999999999969,0.983119785785675,,,
1996800,419,975,4756,353.27,294.73733421000003,2.9423973e-08,9740,1.3596944391727448,-3.143728827126324e-06,0.0024859099910827355,7.871999999999914e-07,0.06212210655212402,0.0011851988965645432,0.04873046875,0.0005247999999999919,0.9813846349716187,,,
1998848,419,976,4759,344.72,286.01721398,1.6734703e-08,9750,1.3597181677818297,-1.4875316992402076e-06,0.010813508817227558,4.800000000000225e-07,0.06212182343006134,0.0038058438804000616,0.085400390625,0.0003200000000000147,0.9882574677467346,,,
2000000,,,,,,1.1641532e-09,9760,1.3597204387187958,-2.0780556951649486e-06,0.007025498716393486,1.7279999999999943e-07,0.06212171912193298,0.0030901150312274694,0.060302734375,0.00011520000000000974,0.9900770783424377,200.8686193,228.7,
2000896,419,977,4767,362.98,303.83547613999997,,,,,,,,,,,,,,2.176765741983588
